audio_path,feature_path
9rNrTWquayE_249.webm,9rNrTWquayE
5Gh-R4s1Hck_249.webm,5Gh-R4s1Hck
Lg4qB8dq8QA_249.webm,Lg4qB8dq8QA
e1-bLmjLHlQ_249.webm,e1-bLmjLHlQ
BHkuFYZgHq8_249.webm,BHkuFYZgHq8
a5CdNWOiI_c_249.webm,a5CdNWOiI_c
e0RefTHud-g_249.webm,e0RefTHud-g
PmrTDZy3f2M_249.webm,PmrTDZy3f2M
H5RcOKMlzIs_249.webm,H5RcOKMlzIs
xkf0rsHjyxw_249.webm,xkf0rsHjyxw
_qylhwD2iW8_249.webm,_qylhwD2iW8
2ys-F7Ci8QU_249.webm,2ys-F7Ci8QU
JVG4vPPHu7c_249.webm,JVG4vPPHu7c
-q_Dv4vc5tE_249.webm,-q_Dv4vc5tE
IZrrEBD-KjY_249.webm,IZrrEBD-KjY
cp0BLv-jgMo_249.webm,cp0BLv-jgMo
OamD9jua0NM_249.webm,OamD9jua0NM
aCGJUcor30M_249.webm,aCGJUcor30M
Xig-SiQKF_0_249.webm,Xig-SiQKF_0
ml2jRCpRwEI_249.webm,ml2jRCpRwEI
NFuv5wEUJpg_249.webm,NFuv5wEUJpg
hZJWkwp7FuA_249.webm,hZJWkwp7FuA
aZzKI9nI1jQ_249.webm,aZzKI9nI1jQ
KbANp9cRd6o_249.webm,KbANp9cRd6o
7T3J4n_PJaI_249.webm,7T3J4n_PJaI
7YqYA_rbh1Q_249.webm,7YqYA_rbh1Q
NQoQG1QEXzk_249.webm,NQoQG1QEXzk
t3sXm0cWrmo_140.m4a,t3sXm0cWrmo
wygLNFdUgtw_249.webm,wygLNFdUgtw
PV7m4c4MU9Y_249.webm,PV7m4c4MU9Y
cCJbEP8BBeQ_249.webm,cCJbEP8BBeQ
aR4K208Imvk_249.webm,aR4K208Imvk
wIjCQ9ihvNM_249.webm,wIjCQ9ihvNM
wziFoqrsvn0_249.webm,wziFoqrsvn0
DMUuLuwmmBg_249.webm,DMUuLuwmmBg
OwNqe5swmrE_249.webm,OwNqe5swmrE
XTBMG_NaRyg_249.webm,XTBMG_NaRyg
kn25k0J0y68_249.webm,kn25k0J0y68
M3u-Ihp-V6w_249.webm,M3u-Ihp-V6w
wxesS-p286c_249.webm,wxesS-p286c
0wS5Eqlqp-k_249.webm,0wS5Eqlqp-k
GZyOTSS3Z7A_249.webm,GZyOTSS3Z7A
WMaXX-BU50c_249.webm,WMaXX-BU50c
14W8AAeYm7o_249.webm,14W8AAeYm7o
Da0tEIgTHPE_249.webm,Da0tEIgTHPE
3fC0jqI3Btk_249.webm,3fC0jqI3Btk
K4bZbet3J_s_249.webm,K4bZbet3J_s
rwydaErhBpI_249.webm,rwydaErhBpI
_-uQoqrWQpI_249.webm,_-uQoqrWQpI
mN_QLo7kByk_249.webm,mN_QLo7kByk
ltqssfzVyrw_249.webm,ltqssfzVyrw
3FoL2WHH4wA_140.m4a,3FoL2WHH4wA
cFW3ffGjJBY_249.webm,cFW3ffGjJBY
PcEbJmmp9sU_249.webm,PcEbJmmp9sU
MPI7AnD_QS8_249.webm,MPI7AnD_QS8
Tis0iRNZtM4_140.m4a,Tis0iRNZtM4
veOWPyHYRMU_249.webm,veOWPyHYRMU
WiIe7GLaR9M_249.webm,WiIe7GLaR9M
WeyMO8xPj9o_249.webm,WeyMO8xPj9o
eQ1Z54E82xs_249.webm,eQ1Z54E82xs
WupYyRFevzM_249.webm,WupYyRFevzM
Vbcdk9qVj0I_249.webm,Vbcdk9qVj0I
Eew1P51zceE_249.webm,Eew1P51zceE
xwTr_CRw3GY_249.webm,xwTr_CRw3GY
2DHsse8xIRg_249.webm,2DHsse8xIRg
uKXAdNyfn94_140.m4a,uKXAdNyfn94
yQStl5UcnZw_249.webm,yQStl5UcnZw
Ve0AS8Voc4M_249.webm,Ve0AS8Voc4M
nBmzH3XCNjg_249.webm,nBmzH3XCNjg
20lxrk345r4_249.webm,20lxrk345r4
cwi_fMROJTU_249.webm,cwi_fMROJTU
8oSJs25fg04_249.webm,8oSJs25fg04
Roq60m4PSVU_249.webm,Roq60m4PSVU
QhD8HTDmOsI_249.webm,QhD8HTDmOsI
RtETcsKfVo0_249.webm,RtETcsKfVo0
njQtTAJVvDo_249.webm,njQtTAJVvDo
f7UBUupzSJM_249.webm,f7UBUupzSJM
IsxelXDUDC8_249.webm,IsxelXDUDC8
nWJut7KQhI4_249.webm,nWJut7KQhI4
BrwYudRnnYU_249.webm,BrwYudRnnYU
r5Q8TTCBFw0_249.webm,r5Q8TTCBFw0
00S6n8TBKDs_249.webm,00S6n8TBKDs
9Yp2p3mnowM_249.webm,9Yp2p3mnowM
bwOVYkvVN1I_249.webm,bwOVYkvVN1I
Hv7t_zFUDBk_249.webm,Hv7t_zFUDBk
NoOSV5qFHQg_249.webm,NoOSV5qFHQg
cm4PP-H96Qg_249.webm,cm4PP-H96Qg
BjyAPOH9RlI_249.webm,BjyAPOH9RlI
x-WMuRdqf7I_249.webm,x-WMuRdqf7I
Oi16eMzyA24_249.webm,Oi16eMzyA24
s716EpraBB4_249.webm,s716EpraBB4
4V0N1x675FQ_249.webm,4V0N1x675FQ
RPX-QPukW6k_249.webm,RPX-QPukW6k
w49agOYuuuw_249.webm,w49agOYuuuw
JWcuUHVD4Ng_249.webm,JWcuUHVD4Ng
EYACy7jELw4_249.webm,EYACy7jELw4
fF62J3vxPdQ_249.webm,fF62J3vxPdQ
nxL99TbCD4M_249.webm,nxL99TbCD4M
5F8JxObKtSI_249.webm,5F8JxObKtSI
Osv-qXkhp-Y_249.webm,Osv-qXkhp-Y
3HXPLwe-hKc_249.webm,3HXPLwe-hKc
acD6B_eR5yk_249.webm,acD6B_eR5yk
ZjeWh5btqTQ_249.webm,ZjeWh5btqTQ
8zCsjQSE4T4_249.webm,8zCsjQSE4T4
n12cYMGFD7o_249.webm,n12cYMGFD7o
JITI0FskSG0_249.webm,JITI0FskSG0
HtfJg9awzog_249.webm,HtfJg9awzog
hGx6Xcf3J5Q_249.webm,hGx6Xcf3J5Q
j4AbDekyiqE_249.webm,j4AbDekyiqE
91nWI6At69A_249.webm,91nWI6At69A
nmhDrEzHYrg_249.webm,nmhDrEzHYrg
O_STM59FtNQ_249.webm,O_STM59FtNQ
wE66MPAO3Es_249.webm,wE66MPAO3Es
64riif8FfNI_249.webm,64riif8FfNI
PD8p6KzcL2w_249.webm,PD8p6KzcL2w
RzDr18UYO18_249.webm,RzDr18UYO18
mGs4CjeJiJQ_249.webm,mGs4CjeJiJQ
GrfquYJ2CO0_249.webm,GrfquYJ2CO0
WZB7yswo6a0_249.webm,WZB7yswo6a0
iLLwukwX0Ns_249.webm,iLLwukwX0Ns
iMl-vAOP9wU_249.webm,iMl-vAOP9wU
ECNqYEJm_fg_249.webm,ECNqYEJm_fg
S2PxIH6PReE_249.webm,S2PxIH6PReE
ka_TH6_H7PA_249.webm,ka_TH6_H7PA
qoxRKfaG36Y_249.webm,qoxRKfaG36Y
fLCEd8xk1BE_249.webm,fLCEd8xk1BE
XDTYdw3X8JI_249.webm,XDTYdw3X8JI
cTxGTQUtJ_Y_249.webm,cTxGTQUtJ_Y
b7G9_AcPvQQ_249.webm,b7G9_AcPvQQ
-_Q9D5vl8lQ_249.webm,-_Q9D5vl8lQ
TOo564UtOlk_249.webm,TOo564UtOlk
UAzgp7CCxMc_249.webm,UAzgp7CCxMc
O6DgEypcTp4_249.webm,O6DgEypcTp4
ZAZU8T8DNuA_249.webm,ZAZU8T8DNuA
jcC3xM8Wa1w_249.webm,jcC3xM8Wa1w
6mINbiuli1A_249.webm,6mINbiuli1A
WNyKthUuwTo_249.webm,WNyKthUuwTo
LZAlT6qOznQ_249.webm,LZAlT6qOznQ
vM3BDOS9oxI_249.webm,vM3BDOS9oxI
dqw2WAcv8Tw_249.webm,dqw2WAcv8Tw
spCXrPXbRJw_249.webm,spCXrPXbRJw
FXFOjV9wm7s_249.webm,FXFOjV9wm7s
Qf6OoAZbAQg_249.webm,Qf6OoAZbAQg
30QhTrNg3wQ_249.webm,30QhTrNg3wQ
KBb4ZZY2W80_249.webm,KBb4ZZY2W80
JNns_p04EOM_249.webm,JNns_p04EOM
KKKOpKvk9Ok_249.webm,KKKOpKvk9Ok
qF8CgqrkoC0_249.webm,qF8CgqrkoC0
rHpzTO_P9xw_249.webm,rHpzTO_P9xw
4NptHXvn9lc_249.webm,4NptHXvn9lc
lp02kRM-xgU_249.webm,lp02kRM-xgU
8XuFKHpU2jg_249.webm,8XuFKHpU2jg
KfLVs3yv_wg_249.webm,KfLVs3yv_wg
EpDXra9Zbk4_249.webm,EpDXra9Zbk4
0BklyxLEpaA_249.webm,0BklyxLEpaA
iPrCrtrbiqI_249.webm,iPrCrtrbiqI
2MqdrbovbvI_249.webm,2MqdrbovbvI
y6aFQ-Cabp8_249.webm,y6aFQ-Cabp8
t2amD4BdmfM_249.webm,t2amD4BdmfM
Ot-JnuliZLA_249.webm,Ot-JnuliZLA
ivm6BkDmxRg_249.webm,ivm6BkDmxRg
KTGxPiEg7iM_249.webm,KTGxPiEg7iM
_Kmh4BbJPz8_249.webm,_Kmh4BbJPz8
WU11_d_J9Mc_249.webm,WU11_d_J9Mc
tOtWHeh32YE_249.webm,tOtWHeh32YE
Ch19lxPSj_I_249.webm,Ch19lxPSj_I
_aqs6HrGroM_249.webm,_aqs6HrGroM
FOjSvcFjmlo_249.webm,FOjSvcFjmlo
XIGx2X5BFhs_249.webm,XIGx2X5BFhs
jHtm3cedD5k_249.webm,jHtm3cedD5k
RQ_G5W-Khu4_249.webm,RQ_G5W-Khu4
5FOur8Js8gM_249.webm,5FOur8Js8gM
z0dRfvQo9Vo_249.webm,z0dRfvQo9Vo
kC1UlbTejs4_249.webm,kC1UlbTejs4
QUJ0bWvIyHc_249.webm,QUJ0bWvIyHc
ap2sg77LekI_249.webm,ap2sg77LekI
eGL0e0exo9E_249.webm,eGL0e0exo9E
XPLiA-No6yQ_249.webm,XPLiA-No6yQ
tMIMKM1Sihw_249.webm,tMIMKM1Sihw
2HKyTTc8M60_249.webm,2HKyTTc8M60
VZHks316GBw_249.webm,VZHks316GBw
1lWQQ4QA2ug_249.webm,1lWQQ4QA2ug
huTq8hWT5pE_249.webm,huTq8hWT5pE
hYru9VCXSl0_249.webm,hYru9VCXSl0
lThvHUDZiV8_249.webm,lThvHUDZiV8
Xz_bXC92EwA_249.webm,Xz_bXC92EwA
GgC7hfI6lUI_249.webm,GgC7hfI6lUI
BN3Z82XT9vc_249.webm,BN3Z82XT9vc
_OO3V2pLMhE_249.webm,_OO3V2pLMhE
KZ_VlQ8M5EE_249.webm,KZ_VlQ8M5EE
x8m1AruTZog_249.webm,x8m1AruTZog
lvjJPaMpAVg_249.webm,lvjJPaMpAVg
oxuLrbb5iuM_249.webm,oxuLrbb5iuM
O28YyPY-cwc_249.webm,O28YyPY-cwc
vgXxqcSyQSw_249.webm,vgXxqcSyQSw
4Bd4_Gnk49w_249.webm,4Bd4_Gnk49w
oMF1HTDM0fE_249.webm,oMF1HTDM0fE
_LrJDbcND-k_249.webm,_LrJDbcND-k
SMfNDRzvBR8_249.webm,SMfNDRzvBR8
Si4RD5qxlIM_249.webm,Si4RD5qxlIM
Y9CjYvQDDIo_249.webm,Y9CjYvQDDIo
E9L-0x92vXk_249.webm,E9L-0x92vXk
XdfwHk7kI24_249.webm,XdfwHk7kI24
QLndc-ZyAeI_249.webm,QLndc-ZyAeI
RcRt_0XBpgY_249.webm,RcRt_0XBpgY
xSv5sFcGYnA_249.webm,xSv5sFcGYnA
tcoFNsTzx0s_249.webm,tcoFNsTzx0s
Yy13uuGDRME_249.webm,Yy13uuGDRME
lvVOtwezkXU_249.webm,lvVOtwezkXU
zUi8gQPsMdw_249.webm,zUi8gQPsMdw
TWz14fo3S8Q_249.webm,TWz14fo3S8Q
wplPWlBumes_249.webm,wplPWlBumes
zqb2g-P3IFw_249.webm,zqb2g-P3IFw
Ei6JvK0W60I_249.webm,Ei6JvK0W60I
kqPwR39VMh0_249.webm,kqPwR39VMh0
2FPNz6w7ysk_249.webm,2FPNz6w7ysk
J6GKzbWdx4g_249.webm,J6GKzbWdx4g
-swNoC58fxE_249.webm,-swNoC58fxE
hB7I27rQjdA_249.webm,hB7I27rQjdA
eMWryGX3Bc8_249.webm,eMWryGX3Bc8
DAvyzqbwFL8_249.webm,DAvyzqbwFL8
0SESe7M9XtY_249.webm,0SESe7M9XtY
OMMfW3IqiFE_249.webm,OMMfW3IqiFE
9x99ZmVefxc_249.webm,9x99ZmVefxc
lmyafsfRZcI_249.webm,lmyafsfRZcI
wXHm9Yl5tRM_249.webm,wXHm9Yl5tRM
SVF56VMSqg4_249.webm,SVF56VMSqg4
sbiw3Xo2TOk_249.webm,sbiw3Xo2TOk
eP31rw2kpTM_249.webm,eP31rw2kpTM
98mD8hvKKso_249.webm,98mD8hvKKso
1HYDZvkqBt0_249.webm,1HYDZvkqBt0
mEd0qhNNmk0_249.webm,mEd0qhNNmk0
9oj1FTuscnY_249.webm,9oj1FTuscnY
0FxygSMDZMk_249.webm,0FxygSMDZMk
Tp45Y_UtPrA_249.webm,Tp45Y_UtPrA
FI2nOIzi6gQ_249.webm,FI2nOIzi6gQ
krxgYqVdOG0_249.webm,krxgYqVdOG0
0TfXtcvmkiw_249.webm,0TfXtcvmkiw
OfvQAbOoxvY_249.webm,OfvQAbOoxvY
A-Rg52dkncM_249.webm,A-Rg52dkncM
4a82S2pvLT8_249.webm,4a82S2pvLT8
u1UOANjzeNw_249.webm,u1UOANjzeNw
QKsfopBY8N8_249.webm,QKsfopBY8N8
dtF2sRpmlzc_249.webm,dtF2sRpmlzc
XOAU2lpoEKw_249.webm,XOAU2lpoEKw
-pas9WS4XC8_249.webm,-pas9WS4XC8
8BN3tI5zZ_4_249.webm,8BN3tI5zZ_4
b1u6FUdYKME_249.webm,b1u6FUdYKME
nS6SzfF6p_g_249.webm,nS6SzfF6p_g
_EF7iASs30A_249.webm,_EF7iASs30A
NnyYqJWNHow_249.webm,NnyYqJWNHow
eog4mqIwn8g_249.webm,eog4mqIwn8g
fl54XzEPMTA_249.webm,fl54XzEPMTA
HGdyfW9zwhY_249.webm,HGdyfW9zwhY
fe_WM8Uz-9k_249.webm,fe_WM8Uz-9k
bibg3HLaeag_249.webm,bibg3HLaeag
DOIQ5i87-Kg_249.webm,DOIQ5i87-Kg
miUQdeGU9rU_249.webm,miUQdeGU9rU
9YnXc8iRQq4_249.webm,9YnXc8iRQq4
XtAv_BfcBp0_249.webm,XtAv_BfcBp0
-w3LtXg6Dso_249.webm,-w3LtXg6Dso
_cCXlsKl_XA_249.webm,_cCXlsKl_XA
jy18UqKRKcY_249.webm,jy18UqKRKcY
l6i-gYRAwM0_249.webm,l6i-gYRAwM0
-2X57Wm7Jig_249.webm,-2X57Wm7Jig
Yz44wHLIi8c_249.webm,Yz44wHLIi8c
_xYE06zvTFs_249.webm,_xYE06zvTFs
ohuswoaF8LY_249.webm,ohuswoaF8LY
0bYZEh8HBTQ_249.webm,0bYZEh8HBTQ
oHcEFB7D6WU_249.webm,oHcEFB7D6WU
CvCFug9dVWo_249.webm,CvCFug9dVWo
V5H32ChmyhY_249.webm,V5H32ChmyhY
p1IlfQpNDUk_249.webm,p1IlfQpNDUk
UtnFfVnkxxw_249.webm,UtnFfVnkxxw
01HKWmPdSPk_249.webm,01HKWmPdSPk
G14Jnl820sA_249.webm,G14Jnl820sA
afS5ks54tms_249.webm,afS5ks54tms
q66U6sDpLNQ_249.webm,q66U6sDpLNQ
tMefRH2HtFY_249.webm,tMefRH2HtFY
BKzTAbBN2L8_140.m4a,BKzTAbBN2L8
AMfsRVga-o4_249.webm,AMfsRVga-o4
7AVmI73va4g_249.webm,7AVmI73va4g
PxNpmByD8yg_249.webm,PxNpmByD8yg
KnmWg7aEyiE_249.webm,KnmWg7aEyiE
JE_hW7nDn_Y_249.webm,JE_hW7nDn_Y
MfzNEmqeIWo_249.webm,MfzNEmqeIWo
WTJgXSasqtg_249.webm,WTJgXSasqtg
yrAwLIcgPlY_249.webm,yrAwLIcgPlY
R-kmmwu14ws_249.webm,R-kmmwu14ws
walwQP4Mc2Q_249.webm,walwQP4Mc2Q
ltRu3aE7ye4_249.webm,ltRu3aE7ye4
oiMNRaltQA8_249.webm,oiMNRaltQA8
BZuA95lbLfQ_249.webm,BZuA95lbLfQ
WEv1DrfntZ4_249.webm,WEv1DrfntZ4
Cbpt7LdOCXY_249.webm,Cbpt7LdOCXY
scWBmdCcj-o_249.webm,scWBmdCcj-o
Sg3KQAV-s8Y_249.webm,Sg3KQAV-s8Y
x1y4xeFo1s0_249.webm,x1y4xeFo1s0
2drMc1LVjPM_249.webm,2drMc1LVjPM
tdI9JmEQ7y4_249.webm,tdI9JmEQ7y4
9q6-8_65BkE_249.webm,9q6-8_65BkE
_UKLncvGxQ8_249.webm,_UKLncvGxQ8
5vyLvBBbtMo_249.webm,5vyLvBBbtMo
3t6bLugtJkQ_249.webm,3t6bLugtJkQ
Rh0gsoFoCXY_249.webm,Rh0gsoFoCXY
pQtisw9837A_249.webm,pQtisw9837A
eqdzL1ThVbM_249.webm,eqdzL1ThVbM
1D5EMuo0kjo_249.webm,1D5EMuo0kjo
FzjY8F7xYf0_249.webm,FzjY8F7xYf0
p0LtpDFxHCQ_249.webm,p0LtpDFxHCQ
1IRH2uQtVvc_249.webm,1IRH2uQtVvc
E8QsXMlbVpo_249.webm,E8QsXMlbVpo
hHxE2wdegms_249.webm,hHxE2wdegms
Ayt7gBA38og_249.webm,Ayt7gBA38og
3SyngeKJtkk_249.webm,3SyngeKJtkk
Geg6_-3jPzI_249.webm,Geg6_-3jPzI
SC8TMpvmIio_249.webm,SC8TMpvmIio
fWf9irqNWd4_249.webm,fWf9irqNWd4
wGMerTwEI7E_249.webm,wGMerTwEI7E
u9FfPfKJhxg_249.webm,u9FfPfKJhxg
tA16i47I1HM_249.webm,tA16i47I1HM
41kvqK_e08c_249.webm,41kvqK_e08c
TMyCXqM8AKM_249.webm,TMyCXqM8AKM
M8_C2xSssmk_249.webm,M8_C2xSssmk
r5vxlaiBqHE_249.webm,r5vxlaiBqHE
CnPsWrBKp_E_249.webm,CnPsWrBKp_E
UDI6vy72htQ_249.webm,UDI6vy72htQ
vypVOc78mps_249.webm,vypVOc78mps
GHdC6u0iDvo_249.webm,GHdC6u0iDvo
TuI8KoskRlA_249.webm,TuI8KoskRlA
Kiq8pFz9r3o_249.webm,Kiq8pFz9r3o
NhiCjOHED8Q_249.webm,NhiCjOHED8Q
Gfhh-p6OqZU_249.webm,Gfhh-p6OqZU
ls9eho0GNwI_249.webm,ls9eho0GNwI
NHMl84KRviY_249.webm,NHMl84KRviY
Pgogkdy8_2k_249.webm,Pgogkdy8_2k
NoCUmQBMPmo_249.webm,NoCUmQBMPmo
uphgVMVhh10_140.m4a,uphgVMVhh10
T3t0YBb7AOY_249.webm,T3t0YBb7AOY
6yVMik5Mfwk_140.m4a,6yVMik5Mfwk
9-_q0LVSoWI_249.webm,9-_q0LVSoWI
zG6oUtazQME_249.webm,zG6oUtazQME
4RtFJTD75fI_140.m4a,4RtFJTD75fI
f0yZmLKcWWc_249.webm,f0yZmLKcWWc
nO0OOa8Qr2Y_249.webm,nO0OOa8Qr2Y
q5Mjz1RTfkU_249.webm,q5Mjz1RTfkU
oAhfJsR2SsM_249.webm,oAhfJsR2SsM
Zw62J6CnUno_249.webm,Zw62J6CnUno
tQSU5nn76hM_249.webm,tQSU5nn76hM
g_fXKkmHN5U_140.m4a,g_fXKkmHN5U
i4r-1IS7Yc4_249.webm,i4r-1IS7Yc4
9aA8EMsalXw_249.webm,9aA8EMsalXw
FuJvE1Kc2Uo_249.webm,FuJvE1Kc2Uo
CgKYDwYE22o_249.webm,CgKYDwYE22o
RcxlexAJycY_249.webm,RcxlexAJycY
y5pzhmGX1sk_249.webm,y5pzhmGX1sk
obdd31Q9PqA_249.webm,obdd31Q9PqA
tBileCbB5vI_249.webm,tBileCbB5vI
08iHGhKAeuU_249.webm,08iHGhKAeuU
FllV2qTT-Ko_249.webm,FllV2qTT-Ko
rtLTPBZS7cA_249.webm,rtLTPBZS7cA
GGz0gTQBus4_249.webm,GGz0gTQBus4
wXFfSoMxN-M_249.webm,wXFfSoMxN-M
sF0M_Rpv4Os_249.webm,sF0M_Rpv4Os
BqXYpZM57-4_249.webm,BqXYpZM57-4
_1xyCOE8fNQ_249.webm,_1xyCOE8fNQ
na93MI5NFy0_249.webm,na93MI5NFy0
p_Lg2cFRtNs_249.webm,p_Lg2cFRtNs
M6NAzyOmhto_249.webm,M6NAzyOmhto
F9ZxToXsDMo_249.webm,F9ZxToXsDMo
EAgdbQ5MRDY_249.webm,EAgdbQ5MRDY
146GSBzn5HA_249.webm,146GSBzn5HA
XsFC8nRsN94_249.webm,XsFC8nRsN94
hCfbZOXm1nM_249.webm,hCfbZOXm1nM
F1dwLHK9hYY_249.webm,F1dwLHK9hYY
qETUvhqKJug_249.webm,qETUvhqKJug
GfUhExdNjK8_249.webm,GfUhExdNjK8
knYj1lDaVSQ_249.webm,knYj1lDaVSQ
8i9rXOmq8LY_249.webm,8i9rXOmq8LY
EI7-5_UA6ZU_140.m4a,EI7-5_UA6ZU
s0gJPPDa1ro_249.webm,s0gJPPDa1ro
3HlOU--tXYM_249.webm,3HlOU--tXYM
OWZGNopgZOE_249.webm,OWZGNopgZOE
jXoqb-DJgAs_249.webm,jXoqb-DJgAs
_p1D63vj0ss_249.webm,_p1D63vj0ss
QEKHb_FpL-c_249.webm,QEKHb_FpL-c
A38JlQFsTss_249.webm,A38JlQFsTss
r3Cjqv4Z4qE_249.webm,r3Cjqv4Z4qE
p8pBkwJyQAM_249.webm,p8pBkwJyQAM
am2igTHjHaI_249.webm,am2igTHjHaI
IjiYliFL3es_249.webm,IjiYliFL3es
GL_kTsp3Ty0_249.webm,GL_kTsp3Ty0
qke2AYrmI3Y_249.webm,qke2AYrmI3Y
2CGwnwKaF10_249.webm,2CGwnwKaF10
0GMc7RO8n5I_249.webm,0GMc7RO8n5I
J9Ge0FOFDbA_249.webm,J9Ge0FOFDbA
PjquJ5hi6zE_249.webm,PjquJ5hi6zE
VHQ_OzI3o4E_249.webm,VHQ_OzI3o4E
7g7H1sOpYLA_249.webm,7g7H1sOpYLA
2OXoSLANXIY_249.webm,2OXoSLANXIY
tBOXxR5PHP8_249.webm,tBOXxR5PHP8
nbgTvVqHEHU_249.webm,nbgTvVqHEHU
3N8c1t1QTDI_249.webm,3N8c1t1QTDI
hrMnkjreOdk_249.webm,hrMnkjreOdk
DgV7RG9Qgvk_249.webm,DgV7RG9Qgvk
tANyrsAiXq0_249.webm,tANyrsAiXq0
TusJ8HSLaUs_249.webm,TusJ8HSLaUs
c4s3dOn0GfQ_249.webm,c4s3dOn0GfQ
7WuXrcios10_249.webm,7WuXrcios10
xoLmeOBn4ck_249.webm,xoLmeOBn4ck
sRfMxs3M2-g_249.webm,sRfMxs3M2-g
6JtQwKIWxqM_249.webm,6JtQwKIWxqM
sdnLavmbtUQ_249.webm,sdnLavmbtUQ
un3lysY4M-Y_249.webm,un3lysY4M-Y
zNWLNl46d3M_140.m4a,zNWLNl46d3M
6aio9cydb7g_249.webm,6aio9cydb7g
uTbfh-U9DcU_249.webm,uTbfh-U9DcU
ECxQn5HRCK4_249.webm,ECxQn5HRCK4
i_BL28NW550_249.webm,i_BL28NW550
9F7b4skyUy4_249.webm,9F7b4skyUy4
FtuEF_PIuR0_249.webm,FtuEF_PIuR0
zwG97ah0mEU_249.webm,zwG97ah0mEU
XHdWkjtuW8M_249.webm,XHdWkjtuW8M
ALxOpl9jIYs_249.webm,ALxOpl9jIYs
S5TtIKDrqAo_249.webm,S5TtIKDrqAo
4kC6ft3Wq9c_249.webm,4kC6ft3Wq9c
CGOHk2J4jV4_249.webm,CGOHk2J4jV4
d9ixwMVrlUQ_249.webm,d9ixwMVrlUQ
oi3Gv1udO5Y_249.webm,oi3Gv1udO5Y
t-H5un9IwVI_249.webm,t-H5un9IwVI
49TrjU5PQY8_249.webm,49TrjU5PQY8
gm82Zk0kr2o_249.webm,gm82Zk0kr2o
W0exr5ZTYqU_249.webm,W0exr5ZTYqU
kZ1rtJ6iBiE_249.webm,kZ1rtJ6iBiE
YY5KxPI6ApI_249.webm,YY5KxPI6ApI
7tTyKf8bPlQ_249.webm,7tTyKf8bPlQ
mDiXw_Lg0kw_249.webm,mDiXw_Lg0kw
VLhZ52vVK-I_249.webm,VLhZ52vVK-I
cRuk4urbvTI_249.webm,cRuk4urbvTI
7zxEw3QanhY_249.webm,7zxEw3QanhY
1osrr3eWfv4_249.webm,1osrr3eWfv4
XkVff6dZMv4_249.webm,XkVff6dZMv4
-60_7mVkrQs_249.webm,-60_7mVkrQs
P76cebZzFr4_249.webm,P76cebZzFr4
lxUK35-ZXu0_249.webm,lxUK35-ZXu0
69kb-KDcA18_249.webm,69kb-KDcA18
76ctN9Iz62Y_249.webm,76ctN9Iz62Y
w_uUGXbj7EY_249.webm,w_uUGXbj7EY
ecNElnfTpbY_249.webm,ecNElnfTpbY
vdqQmtgYR-0_249.webm,vdqQmtgYR-0
yBAO2756cxg_249.webm,yBAO2756cxg
6oLCXu_2fac_249.webm,6oLCXu_2fac
gTbr77atD3M_249.webm,gTbr77atD3M
RfyBEJ5QEsc_249.webm,RfyBEJ5QEsc
dTHVvQa42Hs_249.webm,dTHVvQa42Hs
A-Djx6iZ70g_249.webm,A-Djx6iZ70g
JttvRTJ3gTg_249.webm,JttvRTJ3gTg
39f0uOV8nj4_249.webm,39f0uOV8nj4
sISyuR3y4k8_249.webm,sISyuR3y4k8
dK7PhuARrIs_249.webm,dK7PhuARrIs
JPkYgpYQLK4_249.webm,JPkYgpYQLK4
MP7wlYaMIlQ_249.webm,MP7wlYaMIlQ
wamPyLl8wW4_249.webm,wamPyLl8wW4
D8axiZqKkcw_249.webm,D8axiZqKkcw
pkalu_UHEB0_249.webm,pkalu_UHEB0
kS1Se1Ewx3g_249.webm,kS1Se1Ewx3g
qY7sbOWYRvM_249.webm,qY7sbOWYRvM
NjGaCB29VuY_249.webm,NjGaCB29VuY
bF0lV0Xtqjk_249.webm,bF0lV0Xtqjk
XP3cyRRAfX0_249.webm,XP3cyRRAfX0
ZOA3NGIdm7s_249.webm,ZOA3NGIdm7s
THNaO8pZ7c8_249.webm,THNaO8pZ7c8
EKfBuAn_OYs_249.webm,EKfBuAn_OYs
3gxvMi6yekg_249.webm,3gxvMi6yekg
ujmeEfnLfoQ_140.m4a,ujmeEfnLfoQ
qvoCB-dNWJ8_249.webm,qvoCB-dNWJ8
csNBkn8FlV8_249.webm,csNBkn8FlV8
-SqfUz49DmQ_249.webm,-SqfUz49DmQ
sG6eoP7iGps_249.webm,sG6eoP7iGps
n7LP7-jJ4cw_249.webm,n7LP7-jJ4cw
3owhJfYZXGQ_249.webm,3owhJfYZXGQ
-Byq_xeYhFc_249.webm,-Byq_xeYhFc
E4mbbBa8_vs_249.webm,E4mbbBa8_vs
tx83VwdBlJo_249.webm,tx83VwdBlJo
vrnwyN0jr-Y_249.webm,vrnwyN0jr-Y
q04mLVveHTw_249.webm,q04mLVveHTw
P-6paQJRjSw_249.webm,P-6paQJRjSw
sr5GH8yOsJI_249.webm,sr5GH8yOsJI
RvjML3-66SA_249.webm,RvjML3-66SA
xnEggTBLUnw_249.webm,xnEggTBLUnw
HlZLRTTSWyA_249.webm,HlZLRTTSWyA
6zGHOoRnqSU_249.webm,6zGHOoRnqSU
9l2FeI5GMg0_249.webm,9l2FeI5GMg0
CkmIbjJr1n0_249.webm,CkmIbjJr1n0
5vWS-qu9iC0_249.webm,5vWS-qu9iC0
TBWsEjFFD6k_249.webm,TBWsEjFFD6k
SQc7b-nKsLo_249.webm,SQc7b-nKsLo
nsMCb20zueY_249.webm,nsMCb20zueY
9lJgmkD59sA_249.webm,9lJgmkD59sA
b33JAIMISNY_249.webm,b33JAIMISNY
BimRyZU2v10_249.webm,BimRyZU2v10
w9nZB2qNpbU_249.webm,w9nZB2qNpbU
JyjQFMksvaM_249.webm,JyjQFMksvaM
-ZvSWp14Fp0_249.webm,-ZvSWp14Fp0
ot8wXgTE5ZQ_249.webm,ot8wXgTE5ZQ
XeK3VLmwatU_249.webm,XeK3VLmwatU
txEWCrWr_5w_140.m4a,txEWCrWr_5w
47cAxRX3aDg_249.webm,47cAxRX3aDg
8bQ-3NEtUwA_249.webm,8bQ-3NEtUwA
PgV1LZndK9Q_249.webm,PgV1LZndK9Q
N4XgUkjqscc_249.webm,N4XgUkjqscc
ZpMScAlOzHo_249.webm,ZpMScAlOzHo
A5Vn8EljwIU_249.webm,A5Vn8EljwIU
7YT5F20NnsI_249.webm,7YT5F20NnsI
PDj5kiy9W4g_249.webm,PDj5kiy9W4g
BsCZ6uxREcg_249.webm,BsCZ6uxREcg
LSiRRJxhm0k_249.webm,LSiRRJxhm0k
p_aBSzxZVXE_249.webm,p_aBSzxZVXE
yGi2zcTWbc0_249.webm,yGi2zcTWbc0
2H0FCcUbt04_249.webm,2H0FCcUbt04
ESzXx0vGVs8_249.webm,ESzXx0vGVs8
dQ9Ad4Iser4_249.webm,dQ9Ad4Iser4
7F9JCX_fugw_249.webm,7F9JCX_fugw
3fAij9SCQJs_249.webm,3fAij9SCQJs
PgPwpzjRGe4_249.webm,PgPwpzjRGe4
MyR0r1m8enQ_249.webm,MyR0r1m8enQ
xN-tvjnA3rA_249.webm,xN-tvjnA3rA
CLRxuVu1qT4_249.webm,CLRxuVu1qT4
utFAjkJZUqU_249.webm,utFAjkJZUqU
mrX3Ql31URA_249.webm,mrX3Ql31URA
7U4lp4EPjZ4_249.webm,7U4lp4EPjZ4
WV3f7M-6dNA_249.webm,WV3f7M-6dNA
jqvpRUYIcRA_249.webm,jqvpRUYIcRA
S83xZjjgu4c_249.webm,S83xZjjgu4c
3QXiJt9N8pA_249.webm,3QXiJt9N8pA
7h5QtaOiZdo_249.webm,7h5QtaOiZdo
0gjRzLqXijQ_249.webm,0gjRzLqXijQ
AbXNaZFPxc0_249.webm,AbXNaZFPxc0
lyH0QIwbN_4_249.webm,lyH0QIwbN_4
0gestm0jj3I_249.webm,0gestm0jj3I
Fs4VShTl7xY_249.webm,Fs4VShTl7xY
ff3TBEVc_ko_249.webm,ff3TBEVc_ko
nawPiQQWv6U_249.webm,nawPiQQWv6U
qcsLxRxlNz0_249.webm,qcsLxRxlNz0
US7NpuQzFnQ_249.webm,US7NpuQzFnQ
HqLhSyqK-UI_249.webm,HqLhSyqK-UI
yWzElTFBRbg_249.webm,yWzElTFBRbg
Qn4zBLb6zrg_249.webm,Qn4zBLb6zrg
d87N2MPIi6E_249.webm,d87N2MPIi6E
xwzJ2SNlGUw_249.webm,xwzJ2SNlGUw
-4FgZNo5j7I_249.webm,-4FgZNo5j7I
dXi2L58apxo_140.m4a,dXi2L58apxo
jRp7Qx9Mfms_249.webm,jRp7Qx9Mfms
-sks_McbbqM_249.webm,-sks_McbbqM
D9GOr1pcfr8_249.webm,D9GOr1pcfr8
nYWCuPO2z0o_249.webm,nYWCuPO2z0o
Z6IHw_bRvDc_249.webm,Z6IHw_bRvDc
VXyA7bZLoCw_249.webm,VXyA7bZLoCw
u7xw3xS1r8Y_249.webm,u7xw3xS1r8Y
e5XLZc24dYU_249.webm,e5XLZc24dYU
e7Q2ZTku_tA_249.webm,e7Q2ZTku_tA
MAmZgnUwxWY_249.webm,MAmZgnUwxWY
YKft1vWk6IU_249.webm,YKft1vWk6IU
-CQraVpvSjo_249.webm,-CQraVpvSjo
2WzHhtkF8JM_249.webm,2WzHhtkF8JM
83DWDeN2iUk_249.webm,83DWDeN2iUk
TwACgO_oPq4_249.webm,TwACgO_oPq4
scsGtA2fln0_249.webm,scsGtA2fln0
yoZu3_VoFQA_249.webm,yoZu3_VoFQA
pziScSSSz_s_249.webm,pziScSSSz_s
0WJyMa_WMvk_249.webm,0WJyMa_WMvk
X0PYxE8wuNE_249.webm,X0PYxE8wuNE
pCIZESre31o_249.webm,pCIZESre31o
NZWNLcKw0h0_249.webm,NZWNLcKw0h0
kqTf3vJDTAw_249.webm,kqTf3vJDTAw
N49qiQYLXUc_249.webm,N49qiQYLXUc
WxSbgb468J4_249.webm,WxSbgb468J4
rSPP9Zxg4BY_140.m4a,rSPP9Zxg4BY
CqScDLTmHow_249.webm,CqScDLTmHow
CziQIBusFFU_249.webm,CziQIBusFFU
qmaBi7FABxE_249.webm,qmaBi7FABxE
AOehGyN0UUE_249.webm,AOehGyN0UUE
q63Vx0t0W6o_249.webm,q63Vx0t0W6o
b2WhIoI27-A_249.webm,b2WhIoI27-A
2T7UnQprQWI_249.webm,2T7UnQprQWI
rjcKKrqad74_249.webm,rjcKKrqad74
ZcCBKcWBYlU_249.webm,ZcCBKcWBYlU
8ow5WY3ABM8_249.webm,8ow5WY3ABM8
s3Ldedtyq8o_249.webm,s3Ldedtyq8o
7IFfZRVRbqM_249.webm,7IFfZRVRbqM
lfSvC0g0TuE_249.webm,lfSvC0g0TuE
FS51Fk2HxCc_249.webm,FS51Fk2HxCc
csC_YIukTw8_249.webm,csC_YIukTw8
1DHo8fYFsd0_249.webm,1DHo8fYFsd0
TGQuCyLvay8_249.webm,TGQuCyLvay8
U_nnXE7Qgvc_249.webm,U_nnXE7Qgvc
jtCGODjuRq0_249.webm,jtCGODjuRq0
-iM1q6aR2h0_249.webm,-iM1q6aR2h0
oz7E_BsKrVI_249.webm,oz7E_BsKrVI
kCFviFyxnkw_249.webm,kCFviFyxnkw
g4R0vwONuGc_249.webm,g4R0vwONuGc
RRUyd9CgxQE_249.webm,RRUyd9CgxQE
t2xqdFJFhIw_249.webm,t2xqdFJFhIw
IreGbymhWAc_249.webm,IreGbymhWAc
M_UMaitAxFw_249.webm,M_UMaitAxFw
kHs5LjxwM-0_249.webm,kHs5LjxwM-0
xJ9Y8fzreGU_249.webm,xJ9Y8fzreGU
zvNKZKRu7hk_249.webm,zvNKZKRu7hk
pase4ZHq8tw_249.webm,pase4ZHq8tw
Wl7AvKes6RE_249.webm,Wl7AvKes6RE
uLVV2TaI4Wo_249.webm,uLVV2TaI4Wo
68xnmhjuarw_249.webm,68xnmhjuarw
gjhszQ2AWSs_249.webm,gjhszQ2AWSs
h1LgaV-dyEs_249.webm,h1LgaV-dyEs
7GHT8NYffvY_249.webm,7GHT8NYffvY
26bw-hBiAAI_249.webm,26bw-hBiAAI
luFPkixt4X0_249.webm,luFPkixt4X0
10mRhFkaQNA_249.webm,10mRhFkaQNA
6D7_spjI9wU_249.webm,6D7_spjI9wU
ol0Pq1SOpgA_249.webm,ol0Pq1SOpgA
8CsZoJ1xcrE_249.webm,8CsZoJ1xcrE
gXOvW9Ehnus_249.webm,gXOvW9Ehnus
yYCwnEBExL8_140.m4a,yYCwnEBExL8
y7lSH4rLXQI_249.webm,y7lSH4rLXQI
X1bxZGXvXIg_249.webm,X1bxZGXvXIg
CGOz1urKG6c_249.webm,CGOz1urKG6c
DsCYujRdHvE_249.webm,DsCYujRdHvE
rtnVo-SMI1w_249.webm,rtnVo-SMI1w
3TY7ENIDCxI_249.webm,3TY7ENIDCxI
X8pw9VYi0f4_249.webm,X8pw9VYi0f4
yxt7Pk5mmHA_140.m4a,yxt7Pk5mmHA
ZhpA4P1Dkh0_249.webm,ZhpA4P1Dkh0
LVFWGGpEehk_249.webm,LVFWGGpEehk
fGwDCd9rKyw_249.webm,fGwDCd9rKyw
VeKoMbsC7EQ_249.webm,VeKoMbsC7EQ
7Tt55h8oX2A_249.webm,7Tt55h8oX2A
b2sM3TSc5Vo_249.webm,b2sM3TSc5Vo
2sqm28cnkR4_249.webm,2sqm28cnkR4
AWJH0gEh368_249.webm,AWJH0gEh368
CFDi9JGBJIM_249.webm,CFDi9JGBJIM
Dl8bIJN2jds_249.webm,Dl8bIJN2jds
7fFVa6oC_rY_249.webm,7fFVa6oC_rY
VBXfi9OcpvU_249.webm,VBXfi9OcpvU
hlzi5_VWgPc_249.webm,hlzi5_VWgPc
yICX_ZQ86Mw_249.webm,yICX_ZQ86Mw
664npiDuTI4_249.webm,664npiDuTI4
8FyBz2gf7po_249.webm,8FyBz2gf7po
gqkNPcUMffU_249.webm,gqkNPcUMffU
yfOHLSYc_yI_249.webm,yfOHLSYc_yI
e1H9B2HWzpA_249.webm,e1H9B2HWzpA
jCrm7CKTZZQ_249.webm,jCrm7CKTZZQ
PzYKsLch4GM_249.webm,PzYKsLch4GM
oS4q2g7RJ4A_140.m4a,oS4q2g7RJ4A
84LSLk3hfD4_249.webm,84LSLk3hfD4
ekB_lRje53A_249.webm,ekB_lRje53A
Yu53KvzSnmE_249.webm,Yu53KvzSnmE
LGjtrWhvAhA_249.webm,LGjtrWhvAhA
Hq_wWUgfC6M_249.webm,Hq_wWUgfC6M
mFckL-9UIhM_249.webm,mFckL-9UIhM
n7m4fe7G2YQ_140.m4a,n7m4fe7G2YQ
6ymZLPZYT6k_249.webm,6ymZLPZYT6k
2sjM8j3I3eg_249.webm,2sjM8j3I3eg
xuAdazB3oFs_249.webm,xuAdazB3oFs
GdZxbmEHW7M_249.webm,GdZxbmEHW7M
NOAeVINQ6Hw_249.webm,NOAeVINQ6Hw
X00YQaPwqUE_249.webm,X00YQaPwqUE
aiRSqhYZlWo_249.webm,aiRSqhYZlWo
V5ZT5K5umzg_249.webm,V5ZT5K5umzg
4ZegeoSNJTw_249.webm,4ZegeoSNJTw
-PeuAiGkmg8_249.webm,-PeuAiGkmg8
cA_XILf4C2E_249.webm,cA_XILf4C2E
4PgEUU1PYrw_249.webm,4PgEUU1PYrw
Ief8jbiXAJ0_249.webm,Ief8jbiXAJ0
ks4xy_HVD9I_249.webm,ks4xy_HVD9I
qBRG4RkE51Q_249.webm,qBRG4RkE51Q
KGBY6ntlQ_I_249.webm,KGBY6ntlQ_I
xbwDSR2JoD0_249.webm,xbwDSR2JoD0
jAF2hZxdFRE_249.webm,jAF2hZxdFRE
ah_EV6Ew9-Y_249.webm,ah_EV6Ew9-Y
myNH7RNTJhY_249.webm,myNH7RNTJhY
z-WhFHS0-QA_249.webm,z-WhFHS0-QA
lacN212lLlw_249.webm,lacN212lLlw
ww4GPs0tirY_249.webm,ww4GPs0tirY
iNfM4z1jwac_249.webm,iNfM4z1jwac
TrICjyw4T4Y_249.webm,TrICjyw4T4Y
FNGGhuKd7eo_249.webm,FNGGhuKd7eo
IlxklIcouTA_249.webm,IlxklIcouTA
raqxctNC04k_249.webm,raqxctNC04k
dUig9IAwggM_249.webm,dUig9IAwggM
5AuLkMBAFZg_249.webm,5AuLkMBAFZg
-azQmlWobng_249.webm,-azQmlWobng
UhKKco3t_Ro_249.webm,UhKKco3t_Ro
VAn9IUAaut0_249.webm,VAn9IUAaut0
PleUjhAdlk0_249.webm,PleUjhAdlk0
YODWMi5HA8M_249.webm,YODWMi5HA8M
6OjJchsMfcw_249.webm,6OjJchsMfcw
_9Q8PvjYQHI_249.webm,_9Q8PvjYQHI
1YIlV-zPCRc_249.webm,1YIlV-zPCRc
_7Rj0NhdKYo_249.webm,_7Rj0NhdKYo
lRq0TzYBris_249.webm,lRq0TzYBris
Jz_hwBytqfc_249.webm,Jz_hwBytqfc
tdxSC1tHJn0_249.webm,tdxSC1tHJn0
7oC6mp8My7M_249.webm,7oC6mp8My7M
H_Lz6_C2aro_249.webm,H_Lz6_C2aro
JJmqCKtJnxM_249.webm,JJmqCKtJnxM
JPiYrgaFicQ_249.webm,JPiYrgaFicQ
LhiY-KOfMpg_249.webm,LhiY-KOfMpg
dvfJb10oc0M_249.webm,dvfJb10oc0M
0zMaZ0R-ezk_140.m4a,0zMaZ0R-ezk
RTj7_HMCBeI_249.webm,RTj7_HMCBeI
au7W8tbSFtU_249.webm,au7W8tbSFtU
menq51AQDIc_249.webm,menq51AQDIc
QWF7AKouJHA_249.webm,QWF7AKouJHA
vIWzu0E_-4Q_249.webm,vIWzu0E_-4Q
Ij1ItpSW3YU_249.webm,Ij1ItpSW3YU
kfzqUsGMHE0_249.webm,kfzqUsGMHE0
8nCAzFghIiE_249.webm,8nCAzFghIiE
u8dNmGmdvBw_249.webm,u8dNmGmdvBw
BdhG--naCPc_249.webm,BdhG--naCPc
UY2XucI4zBI_249.webm,UY2XucI4zBI
-hjjeCGxUaU_249.webm,-hjjeCGxUaU
9-8I91yXXAc_249.webm,9-8I91yXXAc
2Tp2w20gH_g_249.webm,2Tp2w20gH_g
Gn1mMw7sBSE_249.webm,Gn1mMw7sBSE
h1pcveGKcUk_249.webm,h1pcveGKcUk
9CaoiQxi8yQ_249.webm,9CaoiQxi8yQ
cY3zyFSoD5E_249.webm,cY3zyFSoD5E
ptxMVt4xbR4_249.webm,ptxMVt4xbR4
E0fZp34pyy8_249.webm,E0fZp34pyy8
I1vjDKnSE5Q_249.webm,I1vjDKnSE5Q
wFaPrwyMPk8_249.webm,wFaPrwyMPk8
ZOsx4ZU5mh4_249.webm,ZOsx4ZU5mh4
TFwl7AIdWBU_249.webm,TFwl7AIdWBU
tLByzAgJ-sE_249.webm,tLByzAgJ-sE
064ipuBiWDg_249.webm,064ipuBiWDg
WBPcpQvPMOY_249.webm,WBPcpQvPMOY
MRNilfQ12oY_249.webm,MRNilfQ12oY
CxTqEsmzkC4_249.webm,CxTqEsmzkC4
loZJIzpZgS4_249.webm,loZJIzpZgS4
Y9Re4zJkoQM_249.webm,Y9Re4zJkoQM
OBNpwFPVo1Y_249.webm,OBNpwFPVo1Y
aJbsdoDHUrI_249.webm,aJbsdoDHUrI
rtM9IERRYVQ_249.webm,rtM9IERRYVQ
g0f4kq6yAbA_249.webm,g0f4kq6yAbA
rDNpT_lFJMM_249.webm,rDNpT_lFJMM
VcSBO8YAnTQ_249.webm,VcSBO8YAnTQ
XoPg1EG2AKk_249.webm,XoPg1EG2AKk
pgtZXqBh-1c_249.webm,pgtZXqBh-1c
Uvi48eCtTjU_249.webm,Uvi48eCtTjU
VK03aVJekGg_249.webm,VK03aVJekGg
cL9JmLgWcDs_249.webm,cL9JmLgWcDs
EPeMvc7PB8o_249.webm,EPeMvc7PB8o
lLHihDKWLII_249.webm,lLHihDKWLII
4TLUbKY5uMo_249.webm,4TLUbKY5uMo
TN7cD4yubbU_249.webm,TN7cD4yubbU
Mso5Ex7BbpY_249.webm,Mso5Ex7BbpY
nSTbjHcaWGE_249.webm,nSTbjHcaWGE
9OqOHxwRy04_249.webm,9OqOHxwRy04
urma71sQXpY_249.webm,urma71sQXpY
6v0oXz499xg_249.webm,6v0oXz499xg
_K2PmNUhlVs_249.webm,_K2PmNUhlVs
nVqZppOLLwg_249.webm,nVqZppOLLwg
q25F-h3QnFE_249.webm,q25F-h3QnFE
Y2yOsiLGavM_249.webm,Y2yOsiLGavM
jMzY_KQIKjU_249.webm,jMzY_KQIKjU
EOO4VN1G3GY_249.webm,EOO4VN1G3GY
g7KVtgoAbX8_249.webm,g7KVtgoAbX8
Or9zu42zk-M_249.webm,Or9zu42zk-M
o8u7CM8VEOo_249.webm,o8u7CM8VEOo
FV1Y93NNnTY_249.webm,FV1Y93NNnTY
d_k2LqIxOaY_249.webm,d_k2LqIxOaY
oQvWHoG8TJM_249.webm,oQvWHoG8TJM
D4QvuNk9X6w_249.webm,D4QvuNk9X6w
CaKCvf-6AOI_249.webm,CaKCvf-6AOI
6nDCB0ZMtXg_249.webm,6nDCB0ZMtXg
Dp0M-QOC5Oc_249.webm,Dp0M-QOC5Oc
eeN_NiIgrJg_249.webm,eeN_NiIgrJg
rfY1HNmyrBE_249.webm,rfY1HNmyrBE
moIld37WHoU_249.webm,moIld37WHoU
VioTZBzwRIQ_249.webm,VioTZBzwRIQ
vm-u47iBqWU_249.webm,vm-u47iBqWU
VDDHcXNQ2N8_249.webm,VDDHcXNQ2N8
Q-gPyrbZUzQ_249.webm,Q-gPyrbZUzQ
Ei_T9zhUAcM_249.webm,Ei_T9zhUAcM
rXL5iBGYp8g_249.webm,rXL5iBGYp8g
kBgksa0cm9Y_140.m4a,kBgksa0cm9Y
ToPuIdGVffY_249.webm,ToPuIdGVffY
3nie17sRBT4_249.webm,3nie17sRBT4
2xwUuSM06xQ_249.webm,2xwUuSM06xQ
H0QqkXOIfwI_249.webm,H0QqkXOIfwI
ZQ8mn5fS5_M_249.webm,ZQ8mn5fS5_M
3bp4Ch_ND_8_249.webm,3bp4Ch_ND_8
q8u_7p8n_v0_249.webm,q8u_7p8n_v0
h6Hq_MOFJDA_249.webm,h6Hq_MOFJDA
kShjU9qmbPs_249.webm,kShjU9qmbPs
JvI6m0d9SbQ_249.webm,JvI6m0d9SbQ
-vVDyceJurM_249.webm,-vVDyceJurM
qWTg2ZVmf5I_249.webm,qWTg2ZVmf5I
LhBOTufhgNw_249.webm,LhBOTufhgNw
uY9g-yfwiBs_249.webm,uY9g-yfwiBs
ApKsPk1J0io_249.webm,ApKsPk1J0io
u5HwSRo36Kg_249.webm,u5HwSRo36Kg
MX02kDtkUSQ_249.webm,MX02kDtkUSQ
qJTuL53CNG8_249.webm,qJTuL53CNG8
0v35KiH2p-g_249.webm,0v35KiH2p-g
eNrygv9nHS0_249.webm,eNrygv9nHS0
G-qaWfVY3D4_249.webm,G-qaWfVY3D4
4LN9WSF-gb0_249.webm,4LN9WSF-gb0
pJC8o2vSdow_249.webm,pJC8o2vSdow
ozU4C8hzQB8_249.webm,ozU4C8hzQB8
6j67Z6acf6s_249.webm,6j67Z6acf6s
n5x0Pe2ygno_249.webm,n5x0Pe2ygno
aCX5eXo-4jk_249.webm,aCX5eXo-4jk
glXnDj3Kz0s_249.webm,glXnDj3Kz0s
ZqgtbjfUKdQ_249.webm,ZqgtbjfUKdQ
sRm7OS258DU_249.webm,sRm7OS258DU
aKYpm9etm_M_249.webm,aKYpm9etm_M
rufyCP7PK9c_249.webm,rufyCP7PK9c
hNIh3zudmjM_249.webm,hNIh3zudmjM
7Z0OrQtF8qA_249.webm,7Z0OrQtF8qA
dOoOiJf7Gqw_249.webm,dOoOiJf7Gqw
xJDJD_d6Q5Y_249.webm,xJDJD_d6Q5Y
Dy1vjNWnDlM_249.webm,Dy1vjNWnDlM
YEg6mhbQGMA_249.webm,YEg6mhbQGMA
HohyMIA9nac_249.webm,HohyMIA9nac
s6ZpswGUZnY_249.webm,s6ZpswGUZnY
zkfBwvHX5vs_249.webm,zkfBwvHX5vs
e2hvBdWy0X8_249.webm,e2hvBdWy0X8
cx4pDN168OE_249.webm,cx4pDN168OE
TSF8EKPxPVU_249.webm,TSF8EKPxPVU
qYQhJEK-CGc_249.webm,qYQhJEK-CGc
e4OUt56aCiA_249.webm,e4OUt56aCiA
DU5YrPc49HI_249.webm,DU5YrPc49HI
HJpiaeCBEFk_249.webm,HJpiaeCBEFk
SH0IYcwkU50_249.webm,SH0IYcwkU50
xKOruHhpAiQ_249.webm,xKOruHhpAiQ
MTx9-ohAeWo_249.webm,MTx9-ohAeWo
B-8eGqUM0eo_249.webm,B-8eGqUM0eo
LfQ1MO_1Pso_249.webm,LfQ1MO_1Pso
w7_ucPlzaiA_140.m4a,w7_ucPlzaiA
4jU0X_uAsr8_249.webm,4jU0X_uAsr8
kGKJkfY_DPA_249.webm,kGKJkfY_DPA
DvAwvSBOFhI_249.webm,DvAwvSBOFhI
EnKr5GFJgfM_249.webm,EnKr5GFJgfM
WEJJUGJZxpU_249.webm,WEJJUGJZxpU
yT0sJ6Olnmo_249.webm,yT0sJ6Olnmo
80S3N-QnpZk_249.webm,80S3N-QnpZk
lVOzir65Ztw_249.webm,lVOzir65Ztw
nVQeeii_urI_249.webm,nVQeeii_urI
Aa4RLoG9234_249.webm,Aa4RLoG9234
ZqHrAfFq7lM_249.webm,ZqHrAfFq7lM
DYGg6jgs4U8_249.webm,DYGg6jgs4U8
da7keILST6Q_249.webm,da7keILST6Q
GpPVTqzmFzo_249.webm,GpPVTqzmFzo
lnodm0azW4w_249.webm,lnodm0azW4w
qt8PPgy9QY8_249.webm,qt8PPgy9QY8
OrUVfiq3FRk_249.webm,OrUVfiq3FRk
4Zv9vRz4QYM_249.webm,4Zv9vRz4QYM
DYYy8_GCdn4_249.webm,DYYy8_GCdn4
IyGtP4zgIg0_249.webm,IyGtP4zgIg0
VT1Bet4oVTk_249.webm,VT1Bet4oVTk
gtcQMKoWM-g_249.webm,gtcQMKoWM-g
uTf70CpddWs_249.webm,uTf70CpddWs
oU2oOq-Vrrg_249.webm,oU2oOq-Vrrg
9eP7kdgd674_249.webm,9eP7kdgd674
ESEzzpy8raY_249.webm,ESEzzpy8raY
IckNw-FLHDw_249.webm,IckNw-FLHDw
UNLxdvqKRT4_249.webm,UNLxdvqKRT4
qoEea7x-cm0_249.webm,qoEea7x-cm0
Q3EpvVHz9Z4_249.webm,Q3EpvVHz9Z4
WkqJ8SvaDfc_249.webm,WkqJ8SvaDfc
eEIqF8ZqZO4_249.webm,eEIqF8ZqZO4
oUObGCCXAfs_249.webm,oUObGCCXAfs
ytsr9xFMFzg_249.webm,ytsr9xFMFzg
8Sj5_WITMpA_249.webm,8Sj5_WITMpA
0jNXuEZpxxI_249.webm,0jNXuEZpxxI
bmPLtdw_OsI_249.webm,bmPLtdw_OsI
mjkKsSzfzlI_249.webm,mjkKsSzfzlI
r-O8XRo60_E_249.webm,r-O8XRo60_E
bgoKeHC64CY_249.webm,bgoKeHC64CY
WXvweIdskVQ_249.webm,WXvweIdskVQ
1bQQvwWNMHs_249.webm,1bQQvwWNMHs
OfhhWA9GF0M_249.webm,OfhhWA9GF0M
H50wW4eAFKo_249.webm,H50wW4eAFKo
OR7IROKpoyg_140.m4a,OR7IROKpoyg
sUVS9bFCi4o_249.webm,sUVS9bFCi4o
oypRboUPNcY_249.webm,oypRboUPNcY
24bYaYCZDNw_249.webm,24bYaYCZDNw
pMC1FPbAZ6Y_249.webm,pMC1FPbAZ6Y
8MHQZW9f-Fc_249.webm,8MHQZW9f-Fc
_U_4J_e6tQM_249.webm,_U_4J_e6tQM
J8Cq6rVAWt8_249.webm,J8Cq6rVAWt8
yDRDvnfmOMg_249.webm,yDRDvnfmOMg
cZ_Oqpc-tc8_249.webm,cZ_Oqpc-tc8
1A9FZV2_hU4_249.webm,1A9FZV2_hU4
_uEE99UmpKQ_249.webm,_uEE99UmpKQ
o3IrlF6NpGU_249.webm,o3IrlF6NpGU
K8tsiXR2uBE_249.webm,K8tsiXR2uBE
BgQeAKkegOg_249.webm,BgQeAKkegOg
PJ-JBFXh2IU_249.webm,PJ-JBFXh2IU
0x6kt8sQxZM_249.webm,0x6kt8sQxZM
GfihQeW_Rmo_249.webm,GfihQeW_Rmo
mcpgGmo8_4o_249.webm,mcpgGmo8_4o
acT_PSAZ7BQ_249.webm,acT_PSAZ7BQ
YiunXTVBOe0_249.webm,YiunXTVBOe0
pArYQNlAco4_249.webm,pArYQNlAco4
Q0yS53QjLqg_249.webm,Q0yS53QjLqg
p7L0LJCzXbE_249.webm,p7L0LJCzXbE
WBGu1g3I_Pc_249.webm,WBGu1g3I_Pc
qpCoZzzZYIA_249.webm,qpCoZzzZYIA
7YkFYg-SQE8_249.webm,7YkFYg-SQE8
sXZTUFjHZ2c_140.m4a,sXZTUFjHZ2c
ObzUFqTdb7g_249.webm,ObzUFqTdb7g
NZVjKrmvYYQ_249.webm,NZVjKrmvYYQ
yqY7ooTELCg_249.webm,yqY7ooTELCg
TbMKTZbUxzI_249.webm,TbMKTZbUxzI
2EGabHDMUN0_249.webm,2EGabHDMUN0
TlxDzQ6AdVM_249.webm,TlxDzQ6AdVM
HzQMsVHkdL4_249.webm,HzQMsVHkdL4
UvwSf1rvIIU_249.webm,UvwSf1rvIIU
_lzIpB5jhLE_249.webm,_lzIpB5jhLE
fdfw_EuVxNg_249.webm,fdfw_EuVxNg
kBtDURSakRU_249.webm,kBtDURSakRU
KSsW9ALDcKI_249.webm,KSsW9ALDcKI
eocE3hQOIro_249.webm,eocE3hQOIro
a6imad2QhaQ_249.webm,a6imad2QhaQ
ECs2tKE-Rdo_249.webm,ECs2tKE-Rdo
4_Ql7ncX978_249.webm,4_Ql7ncX978
pPLvX9N6igw_249.webm,pPLvX9N6igw
Qroykq7xuWg_249.webm,Qroykq7xuWg
gSuyWnRioY4_249.webm,gSuyWnRioY4
NL2LrQyIF-Q_249.webm,NL2LrQyIF-Q
uCAawcMfyvc_249.webm,uCAawcMfyvc
YfYv__VIKjY_249.webm,YfYv__VIKjY
y9ajRIgTJNA_249.webm,y9ajRIgTJNA
ct5jRCPggeE_249.webm,ct5jRCPggeE
_at-X859uwY_249.webm,_at-X859uwY
ODig-EXEUPE_249.webm,ODig-EXEUPE
_5AtkOF8wTQ_249.webm,_5AtkOF8wTQ
ANXwQy_3bUw_249.webm,ANXwQy_3bUw
Ima1CludjU4_249.webm,Ima1CludjU4
v3-HN2Xccvw_249.webm,v3-HN2Xccvw
17Xl4vE9Yi8_249.webm,17Xl4vE9Yi8
-PqHzz06VG8_249.webm,-PqHzz06VG8
Y7eDtoArAvQ_249.webm,Y7eDtoArAvQ
cIjltadWqpA_249.webm,cIjltadWqpA
syv8eg6-Xi0_249.webm,syv8eg6-Xi0
DLjtdiNLK10_249.webm,DLjtdiNLK10
ZHs033Jj6lk_249.webm,ZHs033Jj6lk
bUerI5OFf7k_249.webm,bUerI5OFf7k
c3t-0MIy-fc_249.webm,c3t-0MIy-fc
G9R2PaG8VQs_249.webm,G9R2PaG8VQs
1KV6czDjXSQ_249.webm,1KV6czDjXSQ
4BjAbXcjwK4_249.webm,4BjAbXcjwK4
X9eap_cKLP4_249.webm,X9eap_cKLP4
V-zoECLjlL4_140.m4a,V-zoECLjlL4
rh8eeteWbHc_249.webm,rh8eeteWbHc
aVBe3O12ALk_249.webm,aVBe3O12ALk
Ytm7D-qAve8_249.webm,Ytm7D-qAve8
my0uwYsxZ9w_249.webm,my0uwYsxZ9w
-u4xfduhrrA_249.webm,-u4xfduhrrA
7cLoke6-Wjw_249.webm,7cLoke6-Wjw
v930FcNYfVc_249.webm,v930FcNYfVc
wBZEWB_MtZA_249.webm,wBZEWB_MtZA
OEkGv6aYjBc_249.webm,OEkGv6aYjBc
TVqe8ieqz10_249.webm,TVqe8ieqz10
h2FhQnouzR0_249.webm,h2FhQnouzR0
iAc3PRL_nN4_249.webm,iAc3PRL_nN4
7VCYBtx6h4g_249.webm,7VCYBtx6h4g
jPvoeNaKUUQ_249.webm,jPvoeNaKUUQ
UZaXBWD3AiM_249.webm,UZaXBWD3AiM
qB12apMi8bU_249.webm,qB12apMi8bU
LJbfBjcrTY4_249.webm,LJbfBjcrTY4
qTK0KkJnMzw_249.webm,qTK0KkJnMzw
ycmQpXWwT0c_249.webm,ycmQpXWwT0c
q0oH880LnWs_249.webm,q0oH880LnWs
E6G9aS-NEVk_249.webm,E6G9aS-NEVk
z486zUrUJSc_249.webm,z486zUrUJSc
2BVyIBqkdgM_249.webm,2BVyIBqkdgM
AzIFZTI7i20_249.webm,AzIFZTI7i20
MS0Du5ng_io_249.webm,MS0Du5ng_io
AZ5pyY-c15I_249.webm,AZ5pyY-c15I
UHsJR0AsDlo_249.webm,UHsJR0AsDlo
3P_bfnBFMsw_249.webm,3P_bfnBFMsw
NNrporSoQf8_249.webm,NNrporSoQf8
FCQVdMlB-3w_249.webm,FCQVdMlB-3w
1IRylAGCETU_249.webm,1IRylAGCETU
tVeOTxoX4R4_249.webm,tVeOTxoX4R4
KY_PalvrTAU_249.webm,KY_PalvrTAU
VMeLd-bhDqY_249.webm,VMeLd-bhDqY
JBzMNyQG4f0_249.webm,JBzMNyQG4f0
cSMDQzlYi7s_249.webm,cSMDQzlYi7s
KbO0LMGuj5o_249.webm,KbO0LMGuj5o
vQ29Pw1P7DE_249.webm,vQ29Pw1P7DE
xpXxCf7OwQw_249.webm,xpXxCf7OwQw
0E76VlShWHQ_249.webm,0E76VlShWHQ
sKusK8jSYJM_249.webm,sKusK8jSYJM
xvXr-xG7ysE_249.webm,xvXr-xG7ysE
rMGdjrzHVak_249.webm,rMGdjrzHVak
CF2xE5n9-hc_249.webm,CF2xE5n9-hc
