video_path,feature_path
iGuiRpx8RBU_278.webm,iGuiRpx8RBU
ZA0MnwrDhcg_278.webm,ZA0MnwrDhcg
ekNN8d9vj3s_278.webm,ekNN8d9vj3s
Sg6hH1OqWb8_160.mp4,Sg6hH1OqWb8
U2EdgvwlpzM_278.webm,U2EdgvwlpzM
1t9_oOC56EY_278.webm,1t9_oOC56EY
4MlGPjMgCA0_278.webm,4MlGPjMgCA0
w-YZIQDPNrQ_278.webm,w-YZIQDPNrQ
YLz3R1wI27s_278.webm,YLz3R1wI27s
HkRzDLo0lMg_278.webm,HkRzDLo0lMg
p6_NPOnC164_278.webm,p6_NPOnC164
0OoQwwolWKg_278.webm,0OoQwwolWKg
3B02L0j5o3s_278.webm,3B02L0j5o3s
4g3eXFY7CL0_160.mp4,4g3eXFY7CL0
80Z5VrqzmSI_278.webm,80Z5VrqzmSI
f2uFp-5bvZs_278.webm,f2uFp-5bvZs
fq6OWY1kZAA_278.webm,fq6OWY1kZAA
klRiLwV41-M_278.webm,klRiLwV41-M
p111hxJYsVo_278.webm,p111hxJYsVo
UM_U3NQEkkY_278.webm,UM_U3NQEkkY
VXqxsfB7fsk_278.webm,VXqxsfB7fsk
z-ZOjE7uXx4_278.webm,z-ZOjE7uXx4
2EvU0jf00lY_278.webm,2EvU0jf00lY
E_8Kb0KIp2E_278.webm,E_8Kb0KIp2E
MmXoYsdqI-s_278.webm,MmXoYsdqI-s
PlENqCVhkd4_160.mp4,PlENqCVhkd4
quYaDhYche8_278.webm,quYaDhYche8
ulxH8j3ndtw_278.webm,ulxH8j3ndtw
86kqH8u0yuM_278.webm,86kqH8u0yuM
bggIJokOvWY_278.webm,bggIJokOvWY
SSCcIeuF4fg_278.webm,SSCcIeuF4fg
Tk_FaS1USF0_160.mp4,Tk_FaS1USF0
w1FFKzEKHkA_160.mp4,w1FFKzEKHkA
X-N5vF202NM_160.mp4,X-N5vF202NM
1bURakizLC4_278.webm,1bURakizLC4
23BpdYxkHzE_278.webm,23BpdYxkHzE
U4-oKnLQWUI_160.mp4,U4-oKnLQWUI
urrgiXeX02c_278.webm,urrgiXeX02c
wKrjmWGy2T4_278.webm,wKrjmWGy2T4
x55f4cnU-Y8_278.webm,x55f4cnU-Y8
5Yv2693nNrY_278.webm,5Yv2693nNrY
8_oqNXhCofQ_160.mp4,8_oqNXhCofQ
B-HwvrOasQs_278.webm,B-HwvrOasQs
fTKDfZrZb7E_278.webm,fTKDfZrZb7E
IXY_fST9KPM_278.webm,IXY_fST9KPM
xbMIbLn3Zhc_278.webm,xbMIbLn3Zhc
5CKiobGtBWg_278.webm,5CKiobGtBWg
FWUuLF-hH2I_160.mp4,FWUuLF-hH2I
ljkvxI1TJv8_278.webm,ljkvxI1TJv8
t4fJ1LYs2mg_278.webm,t4fJ1LYs2mg
85WFOlbpWuU_160.mp4,85WFOlbpWuU
HQDRfzAauVI_160.mp4,HQDRfzAauVI
oP_rgYf2Cus_160.mp4,oP_rgYf2Cus
Z6qeJqMSh2Y_278.webm,Z6qeJqMSh2Y
Bh3b6M4g8BA_278.webm,Bh3b6M4g8BA
ET2EIJ82LMs_160.mp4,ET2EIJ82LMs
G5Yl8WJY3v0_278.webm,G5Yl8WJY3v0
hzG329MmL3g_278.webm,hzG329MmL3g
sa5Jk4h00o0_278.webm,sa5Jk4h00o0
VgcYlTy1efw_278.webm,VgcYlTy1efw
YgxJr3sVoQ8_160.mp4,YgxJr3sVoQ8
_Yp8CncMCdM_278.webm,_Yp8CncMCdM
27Mh-tRLwPM_160.mp4,27Mh-tRLwPM
fqnZmn1cMHs_160.mp4,fqnZmn1cMHs
n7PkqRTDiPQ_278.webm,n7PkqRTDiPQ
-usbQDfTIqE_278.webm,-usbQDfTIqE
4RGO6HQcCWs_278.webm,4RGO6HQcCWs
jKUGSFoe09w_278.webm,jKUGSFoe09w
JZo3b3RNdHI_160.mp4,JZo3b3RNdHI
RA1ddQOO5Dw_278.webm,RA1ddQOO5Dw
ZBE-e2l6lX4_278.webm,ZBE-e2l6lX4
_AX2z4rbm-g_160.mp4,_AX2z4rbm-g
AcohysSAFcY_278.webm,AcohysSAFcY
L20OZC8sm50_278.webm,L20OZC8sm50
NWE6d4_KJcI_278.webm,NWE6d4_KJcI
vMChFCNwWvE_278.webm,vMChFCNwWvE
xaVRm2VMffY_278.webm,xaVRm2VMffY
508B3i_Q6GU_278.webm,508B3i_Q6GU
51QMCcCoa8Q_278.webm,51QMCcCoa8Q
HHNW0El-s0Q_278.webm,HHNW0El-s0Q
HYiCCGGRcVA_160.mp4,HYiCCGGRcVA
I58lOk2l3xo_160.mp4,I58lOk2l3xo
lQ8MFMkZhO0_278.webm,lQ8MFMkZhO0
mndL0_dy5UQ_160.mp4,mndL0_dy5UQ
crfmKhyzB5Y_278.webm,crfmKhyzB5Y
DSjiuGwZS-Q_278.webm,DSjiuGwZS-Q
np_0ymoYZuc_278.webm,np_0ymoYZuc
o4OF2MC3HwI_278.webm,o4OF2MC3HwI
PTI22v68d4Y_278.webm,PTI22v68d4Y
ZpZUgqf5Szw_160.mp4,ZpZUgqf5Szw
7wKhrEFzLfM_160.mp4,7wKhrEFzLfM
FfT5vZdDzBs_278.webm,FfT5vZdDzBs
ia39CJ3TSW4_160.mp4,ia39CJ3TSW4
L6nSBA-gx2k_278.webm,L6nSBA-gx2k
paN7lLnNtEk_278.webm,paN7lLnNtEk
VN6U0T6bG7M_278.webm,VN6U0T6bG7M
yhb7MzJDCQ0_278.webm,yhb7MzJDCQ0
6mpS6V6Ucrk_278.webm,6mpS6V6Ucrk
iZ1Wkf5YrpU_278.webm,iZ1Wkf5YrpU
jzdH1zRlYio_160.mp4,jzdH1zRlYio
O_TzUrb5g9s_278.webm,O_TzUrb5g9s
ta3FYIaxGAg_278.webm,ta3FYIaxGAg
FB-DWX4LB0k_278.webm,FB-DWX4LB0k
g00KHootwSs_278.webm,g00KHootwSs
jwEjs9KiWrw_278.webm,jwEjs9KiWrw
X6qR2fP8RBI_278.webm,X6qR2fP8RBI
yRWB3w_CndE_278.webm,yRWB3w_CndE
Zf_1XDuo2aE_278.webm,Zf_1XDuo2aE
443xq2jJxbY_160.mp4,443xq2jJxbY
Cx2OrDmueT4_278.webm,Cx2OrDmueT4
gAL48G7TCxk_160.mp4,gAL48G7TCxk
gd7iyNv1qEA_278.webm,gd7iyNv1qEA
Iq_GAZRTWAY_278.webm,Iq_GAZRTWAY
rEtXkFmpsRk_278.webm,rEtXkFmpsRk
tlF4lVZS3D8_278.webm,tlF4lVZS3D8
3pNGO5ppfQ8_278.webm,3pNGO5ppfQ8
A7HSzGkuX7c_160.mp4,A7HSzGkuX7c
dpIndmEAz4o_278.webm,dpIndmEAz4o
_X0if_qqRz0_278.webm,_X0if_qqRz0
5ZHxGBJtoyI_160.mp4,5ZHxGBJtoyI
dmVQYzQ3-H4_278.webm,dmVQYzQ3-H4
hl121odta-4_278.webm,hl121odta-4
XyuKA2gF6eI_160.mp4,XyuKA2gF6eI
2rQXXBXrvjw_278.webm,2rQXXBXrvjw
86V4yhUPmcg_278.webm,86V4yhUPmcg
hDs5oD-7it0_278.webm,hDs5oD-7it0
kWNhi88XxSk_278.webm,kWNhi88XxSk
nm7bHEzQVaM_160.mp4,nm7bHEzQVaM
y5ejwRj9t1Q_278.webm,y5ejwRj9t1Q
113mRmchumY_278.webm,113mRmchumY
CWyZZzNYxxE_160.mp4,CWyZZzNYxxE
HBWB1ucOU5Q_278.webm,HBWB1ucOU5Q
tWzFhlUiTxI_160.mp4,tWzFhlUiTxI
UcdWjjtA1uY_278.webm,UcdWjjtA1uY
jIyzolGtlOw_160.mp4,jIyzolGtlOw
JWVCHpYCZOQ_278.webm,JWVCHpYCZOQ
Nw19G6P2KvY_278.webm,Nw19G6P2KvY
P5XN-1r9du4_160.mp4,P5XN-1r9du4
q60fO46nr78_278.webm,q60fO46nr78
6MwBwzSU3Mo_278.webm,6MwBwzSU3Mo
J-Gw7gKavSQ_278.webm,J-Gw7gKavSQ
mzsfySJ-cOM_278.webm,mzsfySJ-cOM
NF8VNvspgAc_160.mp4,NF8VNvspgAc
NgMr2lyh4k8_160.mp4,NgMr2lyh4k8
pslSoRBCrL0_278.webm,pslSoRBCrL0
ScrnryR1NXI_278.webm,ScrnryR1NXI
tLGWcbejtRQ_278.webm,tLGWcbejtRQ
WWaEBs8nlmQ_160.mp4,WWaEBs8nlmQ
x3RuuYwrBXw_160.mp4,x3RuuYwrBXw
nDQ-ulwPLiA_278.webm,nDQ-ulwPLiA
up-FKa0aEuI_160.mp4,up-FKa0aEuI
6FgvYw4T-M4_278.webm,6FgvYw4T-M4
6yHcD2dETu4_278.webm,6yHcD2dETu4
G1WJS4amRXQ_278.webm,G1WJS4amRXQ
UcrlcsJ0d2A_278.webm,UcrlcsJ0d2A
vbi7-64SqIg_278.webm,vbi7-64SqIg
1EvKi8deV9M_160.mp4,1EvKi8deV9M
3LgESVwjZiI_160.mp4,3LgESVwjZiI
bOfH5FIyG68_160.mp4,bOfH5FIyG68
jfkwFNRX9Q0_278.webm,jfkwFNRX9Q0
Pu5JppruFGI_278.webm,Pu5JppruFGI
r_xUQHWf4KI_278.webm,r_xUQHWf4KI
zAlQmKk2ZHg_278.webm,zAlQmKk2ZHg
0l2V9Y8nziw_278.webm,0l2V9Y8nziw
9Dh5rqrMQG0_160.mp4,9Dh5rqrMQG0
EhcE1Wykwm0_278.webm,EhcE1Wykwm0
O5wvKSej63M_160.mp4,O5wvKSej63M
27O5yA7CkGk_278.webm,27O5yA7CkGk
57CLwefHpI8_278.webm,57CLwefHpI8
iEAYUrFublE_160.mp4,iEAYUrFublE
j42-Glljhi0_278.webm,j42-Glljhi0
JBtemFuxS5c_278.webm,JBtemFuxS5c
SvzkrXTMtW0_160.mp4,SvzkrXTMtW0
sxyEtmBGSlE_278.webm,sxyEtmBGSlE
TbRWuW1QzPY_278.webm,TbRWuW1QzPY
_hNH5U-2MNI_278.webm,_hNH5U-2MNI
1cU2E0_Ajd8_278.webm,1cU2E0_Ajd8
ayha5Rg8Jko_278.webm,ayha5Rg8Jko
-ujS73cehyY_278.webm,-ujS73cehyY
dmDUGgejlxk_278.webm,dmDUGgejlxk
GvUSXlQSgwY_278.webm,GvUSXlQSgwY
H9pHBKP69p8_160.mp4,H9pHBKP69p8
JoEvAd1FD5w_278.webm,JoEvAd1FD5w
TpEanVve5Uk_278.webm,TpEanVve5Uk
GfNjRgVvyZE_278.webm,GfNjRgVvyZE
ggnp-SjH0rE_278.webm,ggnp-SjH0rE
o-Oi_EWrJ1Q_278.webm,o-Oi_EWrJ1Q
pnd0tn53Qxg_160.mp4,pnd0tn53Qxg
snQyxk-fEvM_278.webm,snQyxk-fEvM
t8cBvNnM2YQ_278.webm,t8cBvNnM2YQ
-7gaL1qR0K0_160.mp4,-7gaL1qR0K0
5D3js33Nk3U_278.webm,5D3js33Nk3U
7YxC2QDp09U_160.mp4,7YxC2QDp09U
bD-YmfRvgn8_278.webm,bD-YmfRvgn8
ilEZ2OBUN0o_278.webm,ilEZ2OBUN0o
nCnWSeNUHZY_278.webm,nCnWSeNUHZY
oVsgpiSwcNY_160.mp4,oVsgpiSwcNY
PJvUoBBrYRU_278.webm,PJvUoBBrYRU
rRF2n8kYE9Q_278.webm,rRF2n8kYE9Q
SK1atq0aT1g_160.mp4,SK1atq0aT1g
52VRry-TbzY_278.webm,52VRry-TbzY
6NmxB6YiR5Q_278.webm,6NmxB6YiR5Q
DPdk2Z4ewp4_278.webm,DPdk2Z4ewp4
F2_QEug7DoA_278.webm,F2_QEug7DoA
gQ4J9qXbJCo_278.webm,gQ4J9qXbJCo
mO1ys3fATMU_278.webm,mO1ys3fATMU
o_pbfaTM6Bc_278.webm,o_pbfaTM6Bc
QUOqFV_v5po_160.mp4,QUOqFV_v5po
uDAJRAmj-hw_160.mp4,uDAJRAmj-hw
WnAyatmdvRk_278.webm,WnAyatmdvRk
YlKDu_XtG_I_160.mp4,YlKDu_XtG_I
11VZyKsM9Fs_278.webm,11VZyKsM9Fs
d6zeUPU1deA_278.webm,d6zeUPU1deA
e0JsQTM5Qy0_278.webm,e0JsQTM5Qy0
LvWXDy9b2oI_278.webm,LvWXDy9b2oI
PnzO8DXeweU_278.webm,PnzO8DXeweU
UCfloDx-CCE_278.webm,UCfloDx-CCE
6hLa0DloPY4_160.mp4,6hLa0DloPY4
AOyb0cGZMrM_278.webm,AOyb0cGZMrM
BL-OpEQBPN8_278.webm,BL-OpEQBPN8
CXnkcqmSPiM_278.webm,CXnkcqmSPiM
D96RV1Fyev8_278.webm,D96RV1Fyev8
qNQrmwRA4co_160.mp4,qNQrmwRA4co
vkqVvTcG-A4_278.webm,vkqVvTcG-A4
0Y_VUwEhyAE_278.webm,0Y_VUwEhyAE
44StOE4-tTE_278.webm,44StOE4-tTE
N3UF5tf45kg_278.webm,N3UF5tf45kg
RISWW4kJ6o0_160.mp4,RISWW4kJ6o0
sc_AJKJisqs_278.webm,sc_AJKJisqs
uY-r-PvLiZ4_160.mp4,uY-r-PvLiZ4
GI6_MCrDl6o_278.webm,GI6_MCrDl6o
qgcbaNR7FDQ_278.webm,qgcbaNR7FDQ
VBDoZ0Tu5CI_160.mp4,VBDoZ0Tu5CI
3htCUkZtMi4_278.webm,3htCUkZtMi4
hPqCPG0SDz4_278.webm,hPqCPG0SDz4
mvxX8bieRS4_278.webm,mvxX8bieRS4
yq3J2KpdLD0_160.mp4,yq3J2KpdLD0
0XTWdzBttaU_160.mp4,0XTWdzBttaU
1TaFqPYLjZw_278.webm,1TaFqPYLjZw
5yANQ1oiPcE_278.webm,5yANQ1oiPcE
77FF8wv2VeI_278.webm,77FF8wv2VeI
g0ha6Mb5_YQ_278.webm,g0ha6Mb5_YQ
htPofdqAlCI_278.webm,htPofdqAlCI
cV0jSL7fJKM_278.webm,cV0jSL7fJKM
dKsq75t74Qo_278.webm,dKsq75t74Qo
WK5AZCf3xWY_278.webm,WK5AZCf3xWY
1XLyCDsKhGo_278.webm,1XLyCDsKhGo
88Es62zsAt8_160.mp4,88Es62zsAt8
iw_WfN2nZ9U_278.webm,iw_WfN2nZ9U
KRIwHBqgfUs_278.webm,KRIwHBqgfUs
Mr1pHZ2_xJU_278.webm,Mr1pHZ2_xJU
OWRgDYzCpp0_278.webm,OWRgDYzCpp0
ZRCwONALNH8_278.webm,ZRCwONALNH8
d7SDeqkzpHw_278.webm,d7SDeqkzpHw
L6MXvFePd3A_278.webm,L6MXvFePd3A
rYSpNlj4E7k_278.webm,rYSpNlj4E7k
83u4lba7-mU_278.webm,83u4lba7-mU
LV3-vgk_deU_278.webm,LV3-vgk_deU
mBgG1RQjjvQ_278.webm,mBgG1RQjjvQ
WTNe6QL03SE_278.webm,WTNe6QL03SE
Y2C7YtL-RdU_160.mp4,Y2C7YtL-RdU
-KpcyWqfFT0_160.mp4,-KpcyWqfFT0
3zJsTrXAcgs_278.webm,3zJsTrXAcgs
aHdePA4SUAE_278.webm,aHdePA4SUAE
d5kW4pI_VQw_278.webm,d5kW4pI_VQw
hro4AdTYiTA_278.webm,hro4AdTYiTA
zcXZhtTwFzc_160.mp4,zcXZhtTwFzc
6PKAv5OPf40_160.mp4,6PKAv5OPf40
d1AM5F-i1WA_278.webm,d1AM5F-i1WA
dSyfOkoe-rw_278.webm,dSyfOkoe-rw
SywKsXuK-L8_278.webm,SywKsXuK-L8
D7zXTqEOi0o_160.mp4,D7zXTqEOi0o
fVkGqY90oc4_278.webm,fVkGqY90oc4
J-o7eguWA7E_278.webm,J-o7eguWA7E
KrVdYzI0E2Y_160.mp4,KrVdYzI0E2Y
lNJDfxuSnmU_278.webm,lNJDfxuSnmU
_ZSmbC6uz7U_278.webm,_ZSmbC6uz7U
0HCntZUqpNk_278.webm,0HCntZUqpNk
iWOF4MsH-qo_278.webm,iWOF4MsH-qo
NA8AsrK_hQg_278.webm,NA8AsrK_hQg
V7QAqIIoqsc_160.mp4,V7QAqIIoqsc
_1yqGtxYp9M_278.webm,_1yqGtxYp9M
BfaMTZ3sd6o_278.webm,BfaMTZ3sd6o
pEPmp5Wv9uo_278.webm,pEPmp5Wv9uo
qleLHf0_Swg_278.webm,qleLHf0_Swg
sKPWaBCNSRE_160.mp4,sKPWaBCNSRE
_3IZ2wTxYLs_160.mp4,_3IZ2wTxYLs
rCOw-L1jSJI_278.webm,rCOw-L1jSJI
s9ZAcnc6-BE_160.mp4,s9ZAcnc6-BE
V1noDJ61OcA_160.mp4,V1noDJ61OcA
4RvC52LypIQ_278.webm,4RvC52LypIQ
8vUV4zQ_eKY_278.webm,8vUV4zQ_eKY
JsrHFKYS3Cw_160.mp4,JsrHFKYS3Cw
lsFSl_mf1hs_278.webm,lsFSl_mf1hs
JndtG8Y7yfw_160.mp4,JndtG8Y7yfw
kD9l1pfjyGA_278.webm,kD9l1pfjyGA
r-aZIaF6m_8_160.mp4,r-aZIaF6m_8
uwz4uUI7X6c_278.webm,uwz4uUI7X6c
Wzz_GVL2Jgg_278.webm,Wzz_GVL2Jgg
ZKXK2xPEvSo_278.webm,ZKXK2xPEvSo
Zn2KwKvaG28_278.webm,Zn2KwKvaG28
F_-gmK5qRrY_160.mp4,F_-gmK5qRrY
ooiM89uIXA0_278.webm,ooiM89uIXA0
ylSBUey_yM8_160.mp4,ylSBUey_yM8
_PKKlOVXlmw_160.mp4,_PKKlOVXlmw
G__X48EhDk4_278.webm,G__X48EhDk4
m67bzCl4RAo_278.webm,m67bzCl4RAo
VF57hjxRLB0_278.webm,VF57hjxRLB0
4nJQ2VFGbwA_160.mp4,4nJQ2VFGbwA
AChHo0dKwyw_160.mp4,AChHo0dKwyw
CGPoNYao3HY_160.mp4,CGPoNYao3HY
J9wS5RYdBcs_278.webm,J9wS5RYdBcs
lQdfW34v52g_160.mp4,lQdfW34v52g
R9JFZxnPFpA_278.webm,R9JFZxnPFpA
ygJfrxzIq5M_160.mp4,ygJfrxzIq5M
YNK1g9gDQBg_160.mp4,YNK1g9gDQBg
4fKlxIld7G0_160.mp4,4fKlxIld7G0
5T7lAU8Nmsc_278.webm,5T7lAU8Nmsc
ddPV8QBrOB8_278.webm,ddPV8QBrOB8
ICShtL7L6Nw_278.webm,ICShtL7L6Nw
K30aFfS02XY_278.webm,K30aFfS02XY
MS4jeHKB0Vs_278.webm,MS4jeHKB0Vs
vhtbk6khefs_160.mp4,vhtbk6khefs
zSxaKz2dluw_278.webm,zSxaKz2dluw
ENqwy9IMa8o_160.mp4,ENqwy9IMa8o
h5vV4xBr73M_160.mp4,h5vV4xBr73M
Q2a64gPDCTk_278.webm,Q2a64gPDCTk
SvyboB84FlI_160.mp4,SvyboB84FlI
VeCBwlqCG4I_160.mp4,VeCBwlqCG4I
vN2LmB2_8WM_278.webm,vN2LmB2_8WM
vUeAFgYKBNs_278.webm,vUeAFgYKBNs
wiXsBubnoDU_278.webm,wiXsBubnoDU
nU31tceiFaQ_278.webm,nU31tceiFaQ
pQsZmEk3ACI_160.mp4,pQsZmEk3ACI
WAHThsZXLMg_278.webm,WAHThsZXLMg
8p5-grm8fr0_278.webm,8p5-grm8fr0
KZxy9zc5Z3A_278.webm,KZxy9zc5Z3A
pbfXYUB1mAA_160.mp4,pbfXYUB1mAA
tNjhA1_6xTM_278.webm,tNjhA1_6xTM
Ub-YvsKw3X0_160.mp4,Ub-YvsKw3X0
zUUOFjCu-go_278.webm,zUUOFjCu-go
7D5hr6JO_Gw_278.webm,7D5hr6JO_Gw
JSBYi1LtPTo_278.webm,JSBYi1LtPTo
K4DC3hMYydE_278.webm,K4DC3hMYydE
oKsWaKJPAak_278.webm,oKsWaKJPAak
oYDDqnNjutE_278.webm,oYDDqnNjutE
R0bDSpBGEXk_278.webm,R0bDSpBGEXk
rzW7liqMIME_278.webm,rzW7liqMIME
_Zgi2KNtWVY_160.mp4,_Zgi2KNtWVY
7qCJ6Jazpfc_278.webm,7qCJ6Jazpfc
8p4RuEjZ_RE_160.mp4,8p4RuEjZ_RE
C3v_6253VMY_160.mp4,C3v_6253VMY
FTmESGI3prI_278.webm,FTmESGI3prI
PAKwArxnQTQ_278.webm,PAKwArxnQTQ
3cVr8wRV9sk_278.webm,3cVr8wRV9sk
bMebs0DO-8g_278.webm,bMebs0DO-8g
CCeEAB4zmIo_278.webm,CCeEAB4zmIo
FQsC5KKcTsQ_278.webm,FQsC5KKcTsQ
YijyyyA1leA_278.webm,YijyyyA1leA
2I7QLfFA2jo_278.webm,2I7QLfFA2jo
amP_SBiYSu8_278.webm,amP_SBiYSu8
AVqnkX_T2xo_278.webm,AVqnkX_T2xo
FyQtBff5Pys_160.mp4,FyQtBff5Pys
lDypBPyWiak_160.mp4,lDypBPyWiak
SDAecONyaC8_278.webm,SDAecONyaC8
u-OJ-jOxPEc_160.mp4,u-OJ-jOxPEc
-tmg1qIvnfo_278.webm,-tmg1qIvnfo
05-s3bmj9oU_160.mp4,05-s3bmj9oU
2OxqM6p6ym8_278.webm,2OxqM6p6ym8
DyO-z_7Ip9c_160.mp4,DyO-z_7Ip9c
G6iRSSg5rQQ_278.webm,G6iRSSg5rQQ
GQGBrULMMVY_160.mp4,GQGBrULMMVY
hErWq-TqSuQ_278.webm,hErWq-TqSuQ
IK9NP-2jzoU_278.webm,IK9NP-2jzoU
QG28aIUyG3k_278.webm,QG28aIUyG3k
vsnXCVK_XO8_278.webm,vsnXCVK_XO8
_gwKV7XYhgw_278.webm,_gwKV7XYhgw
9dJm6aqz6P0_160.mp4,9dJm6aqz6P0
iRg3S-92BiY_160.mp4,iRg3S-92BiY
LQZx_yIPSn8_278.webm,LQZx_yIPSn8
NPEVdXkElcA_278.webm,NPEVdXkElcA
S7uoICEaFgs_278.webm,S7uoICEaFgs
tnKY5GhAk_M_278.webm,tnKY5GhAk_M
XJ_qgcCR48c_160.mp4,XJ_qgcCR48c
KFRkAHnz0g4_278.webm,KFRkAHnz0g4
KtkfE_OWSzo_278.webm,KtkfE_OWSzo
mA7rZps14Zw_278.webm,mA7rZps14Zw
mSvhFTIUPRw_278.webm,mSvhFTIUPRw
P1Iv_0YBqFk_278.webm,P1Iv_0YBqFk
z_Al8bxh3Eo_160.mp4,z_Al8bxh3Eo
_1iLsO322Ug_278.webm,_1iLsO322Ug
cehC5MHz9MI_278.webm,cehC5MHz9MI
doLpo37PQSU_278.webm,doLpo37PQSU
lm7c8RVg3lE_278.webm,lm7c8RVg3lE
pr1jwK0B1QM_278.webm,pr1jwK0B1QM
5EUOQ_UEMik_278.webm,5EUOQ_UEMik
F6AKLAWkGG8_278.webm,F6AKLAWkGG8
HuTa09bKp2c_278.webm,HuTa09bKp2c
PcWu6rOyT3g_278.webm,PcWu6rOyT3g
pM2OK_JaJ9I_278.webm,pM2OK_JaJ9I
7bxpLcNod80_278.webm,7bxpLcNod80
E_pyX0Kamd4_278.webm,E_pyX0Kamd4
IUXYhGY9e4E_278.webm,IUXYhGY9e4E
o0AuL1rt7h4_160.mp4,o0AuL1rt7h4
um7K8XTuerU_278.webm,um7K8XTuerU
w8NdPK5MsgU_278.webm,w8NdPK5MsgU
Xd_-2H0WWm8_278.webm,Xd_-2H0WWm8
3V3f0f6XGwM_160.mp4,3V3f0f6XGwM
d6RS1wZ2amQ_278.webm,d6RS1wZ2amQ
F0Js9dpnccA_278.webm,F0Js9dpnccA
h8RomzUwojg_278.webm,h8RomzUwojg
lCs6alsZNqM_278.webm,lCs6alsZNqM
SaKRCN7NVoc_278.webm,SaKRCN7NVoc
A71xttU0zJs_278.webm,A71xttU0zJs
BtoBOV5kvCM_160.mp4,BtoBOV5kvCM
CL5Xky9uZoI_160.mp4,CL5Xky9uZoI
M-EHBl0EcyA_278.webm,M-EHBl0EcyA
Oqf1uMYFjjE_160.mp4,Oqf1uMYFjjE
RMqv_GlnyR4_278.webm,RMqv_GlnyR4
vCX5DUtZoD4_278.webm,vCX5DUtZoD4
GD_9WlIgBk0_278.webm,GD_9WlIgBk0
Ni8UbQnSn1Y_278.webm,Ni8UbQnSn1Y
TUpj6CY6EDs_278.webm,TUpj6CY6EDs
bzvVT8ssKVY_278.webm,bzvVT8ssKVY
CzvnJQGY79I_160.mp4,CzvnJQGY79I
HN80S4hn0Iw_278.webm,HN80S4hn0Iw
shMcJ9j41IM_278.webm,shMcJ9j41IM
We6xivJf1Nw_160.mp4,We6xivJf1Nw
9yvZI9jnjhw_160.mp4,9yvZI9jnjhw
as_SyfYC5UM_278.webm,as_SyfYC5UM
hOjtBWmfXjg_278.webm,hOjtBWmfXjg
kFpGaQPcIi4_160.mp4,kFpGaQPcIi4
oqMHuAQx0Qg_278.webm,oqMHuAQx0Qg
PaXU0DgdEJI_278.webm,PaXU0DgdEJI
s1gYlR_UTxE_278.webm,s1gYlR_UTxE
SUDGu1Lbjb0_278.webm,SUDGu1Lbjb0
UdpURkundTc_278.webm,UdpURkundTc
Z5F9lVW3ph4_160.mp4,Z5F9lVW3ph4
6CbQOLqZ8IA_278.webm,6CbQOLqZ8IA
C42J3mgE_rQ_278.webm,C42J3mgE_rQ
ctAjtJ9OOOI_160.mp4,ctAjtJ9OOOI
RzD5liOMQyw_278.webm,RzD5liOMQyw
zUsHycKd5oE_278.webm,zUsHycKd5oE
2rsaj9lhwW8_278.webm,2rsaj9lhwW8
3ARFxcawt9E_278.webm,3ARFxcawt9E
5waHSthGQwM_278.webm,5waHSthGQwM
eT0uLlKEW2U_160.mp4,eT0uLlKEW2U
HoBfQz0gqSY_160.mp4,HoBfQz0gqSY
ZBYSMhN2r1w_160.mp4,ZBYSMhN2r1w
zzlADN453bE_160.mp4,zzlADN453bE
2y6BhS-6lB8_278.webm,2y6BhS-6lB8
JXMZF6HyvvU_278.webm,JXMZF6HyvvU
KDS0wRQopkc_160.mp4,KDS0wRQopkc
KFh0yxw-aVE_160.mp4,KFh0yxw-aVE
NaDySxBRFfc_278.webm,NaDySxBRFfc
298Q_pSLflU_278.webm,298Q_pSLflU
5-0GG1Ysr1s_160.mp4,5-0GG1Ysr1s
8ACMZ8cEaI0_160.mp4,8ACMZ8cEaI0
wRj83bp2gA4_160.mp4,wRj83bp2gA4
yWSmP1_RQcY_278.webm,yWSmP1_RQcY
2Q5Y77F8W04_160.mp4,2Q5Y77F8W04
3ZI2nRzbzzE_278.webm,3ZI2nRzbzzE
f2gC5bawFYE_278.webm,f2gC5bawFYE
fTa7w7087Co_278.webm,fTa7w7087Co
logimwGr5eE_278.webm,logimwGr5eE
mn6kSm_lWWQ_278.webm,mn6kSm_lWWQ
oo84puPMlDo_278.webm,oo84puPMlDo
Q5jP1Dy29gY_278.webm,Q5jP1Dy29gY
WavYVY3WtMg_278.webm,WavYVY3WtMg
yHd2s80gD5o_278.webm,yHd2s80gD5o
4LGb7lyg8yk_160.mp4,4LGb7lyg8yk
hPEgnL7pRho_278.webm,hPEgnL7pRho
pKSJFlfNZPQ_160.mp4,pKSJFlfNZPQ
uat6lg7HM80_278.webm,uat6lg7HM80
ypDRTQpK9w0_278.webm,ypDRTQpK9w0
IUtjXefwNGs_278.webm,IUtjXefwNGs
JiAsT0bNp-4_160.mp4,JiAsT0bNp-4
JIBjZBETmLI_278.webm,JIBjZBETmLI
laV2BzK9_Zg_278.webm,laV2BzK9_Zg
LOH_doLo1-M_160.mp4,LOH_doLo1-M
oiqxAABwZN4_278.webm,oiqxAABwZN4
S6m1GGg9DuE_278.webm,S6m1GGg9DuE
XfWpzYRyrBY_278.webm,XfWpzYRyrBY
zMMdsQJa4TY_278.webm,zMMdsQJa4TY
9EzGw6B7_Fk_160.mp4,9EzGw6B7_Fk
Fo_A9qn1bAI_278.webm,Fo_A9qn1bAI
LYI_Si1DJhw_278.webm,LYI_Si1DJhw
nanIYHFaOHk_160.mp4,nanIYHFaOHk
TrGiI0s-q3s_278.webm,TrGiI0s-q3s
XZLe-lAfmqs_160.mp4,XZLe-lAfmqs
yUcCMKzrYD0_278.webm,yUcCMKzrYD0
bzai8JY3hek_160.mp4,bzai8JY3hek
Cy2oiIBrg8w_160.mp4,Cy2oiIBrg8w
iaScon7XyD4_278.webm,iaScon7XyD4
p9upluAlYHE_278.webm,p9upluAlYHE
zkTxiwyWmvk_278.webm,zkTxiwyWmvk
2SYdCUdL2Fw_278.webm,2SYdCUdL2Fw
hv2raSQwQW4_278.webm,hv2raSQwQW4
j3nXBMZkYPM_278.webm,j3nXBMZkYPM
JoH9RojxKAA_160.mp4,JoH9RojxKAA
k2K9z0DttmQ_278.webm,k2K9z0DttmQ
kHFodHYRi2M_160.mp4,kHFodHYRi2M
L5mePoi7KaE_160.mp4,L5mePoi7KaE
M-5qA7-38ls_278.webm,M-5qA7-38ls
o-O5ZDfhxFw_278.webm,o-O5ZDfhxFw
p5LmowsaUt0_278.webm,p5LmowsaUt0
2U_KmBwHE7U_278.webm,2U_KmBwHE7U
BjfbEc4QXuw_160.mp4,BjfbEc4QXuw
nGpIPX-ODlI_278.webm,nGpIPX-ODlI
Z7V2-KMGYaU_278.webm,Z7V2-KMGYaU
_lDncgUwor4_278.webm,_lDncgUwor4
BQuaPVh20Cg_278.webm,BQuaPVh20Cg
JW1w-RK4SZ0_160.mp4,JW1w-RK4SZ0
KhzebegHAIU_278.webm,KhzebegHAIU
OEJPinGDXDM_278.webm,OEJPinGDXDM
QWCU_tlKt54_160.mp4,QWCU_tlKt54
Sfou7a-nYEE_278.webm,Sfou7a-nYEE
teBXHqWKkXE_160.mp4,teBXHqWKkXE
UcoNvUNbovs_160.mp4,UcoNvUNbovs
1Q-Tc71BgRw_278.webm,1Q-Tc71BgRw
i3KZ6_-rX6g_278.webm,i3KZ6_-rX6g
kNI_vSYP-S0_278.webm,kNI_vSYP-S0
ZvwLFuQy-LM_160.mp4,ZvwLFuQy-LM
1DyVUzMLevY_160.mp4,1DyVUzMLevY
dz42yht3Klw_278.webm,dz42yht3Klw
EZsVskbFyJA_278.webm,EZsVskbFyJA
gOxnHIlAm0Q_278.webm,gOxnHIlAm0Q
JcYW_1PEK88_278.webm,JcYW_1PEK88
ZgRsH8p-HHE_160.mp4,ZgRsH8p-HHE
BtKw7V7hGok_278.webm,BtKw7V7hGok
Dg99r_eb3G0_278.webm,Dg99r_eb3G0
n1oM7G1CYs8_160.mp4,n1oM7G1CYs8
Os8LrtEN9q0_278.webm,Os8LrtEN9q0
59OQ0Gx9PyM_160.mp4,59OQ0Gx9PyM
D8CHO4DKx7U_278.webm,D8CHO4DKx7U
mTMQzOobujI_278.webm,mTMQzOobujI
MTpaYJEAj1k_160.mp4,MTpaYJEAj1k
57WIraFWorI_278.webm,57WIraFWorI
gf5IQqKwvZ8_278.webm,gf5IQqKwvZ8
hn4VnTMgzJU_278.webm,hn4VnTMgzJU
rL5TTWJZXH8_278.webm,rL5TTWJZXH8
-FpjAuVcUlA_278.webm,-FpjAuVcUlA
44ict-WA0Ug_278.webm,44ict-WA0Ug
iJgnAHEHBYI_278.webm,iJgnAHEHBYI
nMzdAZ3TjCA_278.webm,nMzdAZ3TjCA
TdIMwhFhyIg_278.webm,TdIMwhFhyIg
dZzO2zcUtNI_160.mp4,dZzO2zcUtNI
HaYFeUhyQ9M_278.webm,HaYFeUhyQ9M
KjzdrpuqtwQ_278.webm,KjzdrpuqtwQ
rI0ZSxgCtBA_160.mp4,rI0ZSxgCtBA
SdafCDuzlI8_278.webm,SdafCDuzlI8
SLiEOC2dPFA_278.webm,SLiEOC2dPFA
sxhDZJlRiTE_278.webm,sxhDZJlRiTE
usD-xpjXkvY_278.webm,usD-xpjXkvY
c4in9aUAmno_278.webm,c4in9aUAmno
VZbCwTA0zBY_278.webm,VZbCwTA0zBY
ZdX7hQVKszY_278.webm,ZdX7hQVKszY
CzWp0EZo8e4_278.webm,CzWp0EZo8e4
FVHeN9p4ZpE_278.webm,FVHeN9p4ZpE
HCkkrj2ZuMM_278.webm,HCkkrj2ZuMM
Jb1VvnENIpY_160.mp4,Jb1VvnENIpY
qDCLUiGi_r0_160.mp4,qDCLUiGi_r0
tIZbROpd4ZM_160.mp4,tIZbROpd4ZM
b89JayuXQ1o_278.webm,b89JayuXQ1o
bVuoO0fR-R0_278.webm,bVuoO0fR-R0
s6zcUGd35Ko_278.webm,s6zcUGd35Ko
snFURjhekNA_278.webm,snFURjhekNA
sUNeDMNTaI0_160.mp4,sUNeDMNTaI0
uQywDrsPIwQ_278.webm,uQywDrsPIwQ
fPidqJUAQyg_278.webm,fPidqJUAQyg
K425U3yWN_M_278.webm,K425U3yWN_M
Tk25pQ15-mU_278.webm,Tk25pQ15-mU
C26kzo8kb6M_278.webm,C26kzo8kb6M
Ft-6R7gJYEA_278.webm,Ft-6R7gJYEA
s0mQM2d9yiU_278.webm,s0mQM2d9yiU
0SN_tiwUK4c_160.mp4,0SN_tiwUK4c
gSso6SSUteI_278.webm,gSso6SSUteI
iuubaXDeXh0_278.webm,iuubaXDeXh0
koSL_g_jpLs_160.mp4,koSL_g_jpLs
kwtMF2axto4_278.webm,kwtMF2axto4
FFPF9yffEyU_278.webm,FFPF9yffEyU
h7TGk9hjcbI_160.mp4,h7TGk9hjcbI
I9aY9NeWnlU_278.webm,I9aY9NeWnlU
qB8iMABTjKg_160.mp4,qB8iMABTjKg
yVPDzlXQO_8_278.webm,yVPDzlXQO_8
G5KeJttBp-g_160.mp4,G5KeJttBp-g
IHJSY0-5bAE_160.mp4,IHJSY0-5bAE
nOymDNAeUT0_160.mp4,nOymDNAeUT0
PZEo_h26IDg_160.mp4,PZEo_h26IDg
dEcfyt4TduI_160.mp4,dEcfyt4TduI
iSJXakhAG4w_278.webm,iSJXakhAG4w
N-DUHbMSdgk_278.webm,N-DUHbMSdgk
nSG9Z-IoAPE_278.webm,nSG9Z-IoAPE
dM11B4Ieba8_278.webm,dM11B4Ieba8
eEgMjH9bVgQ_278.webm,eEgMjH9bVgQ
OpNZvx7Lwy4_160.mp4,OpNZvx7Lwy4
qfXNZRhJ5uQ_278.webm,qfXNZRhJ5uQ
VCMXTX3oBqs_160.mp4,VCMXTX3oBqs
wwpzbRiyZl8_160.mp4,wwpzbRiyZl8
ihUrJsrQqmM_278.webm,ihUrJsrQqmM
tzH1Y5tkucQ_160.mp4,tzH1Y5tkucQ
1polUBmXfp4_160.mp4,1polUBmXfp4
ahorbvv5Y1E_278.webm,ahorbvv5Y1E
HxzGt9BLQeU_278.webm,HxzGt9BLQeU
nxzUQAaCZdU_278.webm,nxzUQAaCZdU
tkUTZD80p78_278.webm,tkUTZD80p78
3ini4nn79LU_278.webm,3ini4nn79LU
jesNqPj7iqw_160.mp4,jesNqPj7iqw
L1ODJUepVBg_278.webm,L1ODJUepVBg
m2z3KEPUi1w_278.webm,m2z3KEPUi1w
M7cUYVviK50_278.webm,M7cUYVviK50
TwAWBQdBlSw_278.webm,TwAWBQdBlSw
_LJfKHOx4O4_278.webm,_LJfKHOx4O4
3XHnuwlZD4g_278.webm,3XHnuwlZD4g
6BbErlaqChU_160.mp4,6BbErlaqChU
bUnZr3_lv4U_278.webm,bUnZr3_lv4U
eg065Xk82V4_160.mp4,eg065Xk82V4
rgSSiZP_f1E_278.webm,rgSSiZP_f1E
yyq4PnNDvBE_278.webm,yyq4PnNDvBE
dl9v8oEjWrU_278.webm,dl9v8oEjWrU
p5yszod92zI_278.webm,p5yszod92zI
zkveOEpA-Z0_278.webm,zkveOEpA-Z0
-PVhCNogZqc_278.webm,-PVhCNogZqc
3TEQS0lyVQw_278.webm,3TEQS0lyVQw
6C_j5Xbmnec_278.webm,6C_j5Xbmnec
8-v8N_2RbOs_278.webm,8-v8N_2RbOs
z8vxkUMMIhc_278.webm,z8vxkUMMIhc
BMdTj8VSaI8_278.webm,BMdTj8VSaI8
Cu2BSj8amOQ_160.mp4,Cu2BSj8amOQ
g5ws7KfxI7Y_160.mp4,g5ws7KfxI7Y
IisJcRVbaqA_278.webm,IisJcRVbaqA
LMEkcNammng_278.webm,LMEkcNammng
MjO173JJU3o_278.webm,MjO173JJU3o
rb4olOWgDog_278.webm,rb4olOWgDog
TCeV_2kaWZ0_278.webm,TCeV_2kaWZ0
-11l1AVZFnc_278.webm,-11l1AVZFnc
2AxueSFxWz0_278.webm,2AxueSFxWz0
a-GroHDhQDs_278.webm,a-GroHDhQDs
glEfut9kq2U_278.webm,glEfut9kq2U
iLUIR5tvO3g_160.mp4,iLUIR5tvO3g
j80E9NTXjtQ_278.webm,j80E9NTXjtQ
JcwyXGg6ceM_278.webm,JcwyXGg6ceM
k_u8CfsQQCc_278.webm,k_u8CfsQQCc
MThToO6qI_U_278.webm,MThToO6qI_U
oe6EzEv8Svw_278.webm,oe6EzEv8Svw
UxIjh_pv_yc_278.webm,UxIjh_pv_yc
uZSWQFkDPs8_278.webm,uZSWQFkDPs8
GYkk_NQZ7CQ_278.webm,GYkk_NQZ7CQ
VU2gqyP64oI_160.mp4,VU2gqyP64oI
_P7kgtUt-e0_278.webm,_P7kgtUt-e0
IfwsWYmKiZQ_278.webm,IfwsWYmKiZQ
ZL6QsWlWTow_160.mp4,ZL6QsWlWTow
2S43cD7w_j8_278.webm,2S43cD7w_j8
dItMzMXCfKE_160.mp4,dItMzMXCfKE
P-9_ShVjHrE_278.webm,P-9_ShVjHrE
RKbtJZJ2R1c_278.webm,RKbtJZJ2R1c
rs7SvZduz60_160.mp4,rs7SvZduz60
uK28INwGS00_278.webm,uK28INwGS00
w7lQuGCcAcU_278.webm,w7lQuGCcAcU
39crMs4rSsc_160.mp4,39crMs4rSsc
dycvRVp_Q6Q_278.webm,dycvRVp_Q6Q
EuARmE70ZFg_278.webm,EuARmE70ZFg
j_OyXsxA4qA_278.webm,j_OyXsxA4qA
nLryfW-xDto_160.mp4,nLryfW-xDto
V5kb3_NPlKs_278.webm,V5kb3_NPlKs
VwVkRMWOsZc_278.webm,VwVkRMWOsZc
wJbWRmOyEcA_278.webm,wJbWRmOyEcA
ylEDfirYJaY_278.webm,ylEDfirYJaY
4_AGkrUGvOM_278.webm,4_AGkrUGvOM
a37nu-SHFBU_278.webm,a37nu-SHFBU
AyDhHSqNZ1o_160.mp4,AyDhHSqNZ1o
g6tEsU75EtE_278.webm,g6tEsU75EtE
wl6Pf3Mjh3Y_278.webm,wl6Pf3Mjh3Y
2ExT8lEmyHE_278.webm,2ExT8lEmyHE
31w3280mhEg_160.mp4,31w3280mhEg
50CpehQXW4g_278.webm,50CpehQXW4g
PfrVuhD8maE_160.mp4,PfrVuhD8maE
QpN_LXGGmyk_278.webm,QpN_LXGGmyk
v_5UQaykL7g_278.webm,v_5UQaykL7g
1FXEMzzs0QQ_278.webm,1FXEMzzs0QQ
8QcNCd2P5y8_278.webm,8QcNCd2P5y8
EmvbiuzMcWs_278.webm,EmvbiuzMcWs
lfAeZbtTglc_160.mp4,lfAeZbtTglc
wJBHtR9rKR4_278.webm,wJBHtR9rKR4
-D0DJ59K7qo_278.webm,-D0DJ59K7qo
7_bp8iHYxBc_278.webm,7_bp8iHYxBc
BGaRh71xQOY_278.webm,BGaRh71xQOY
BK_9Cpxa_GA_160.mp4,BK_9Cpxa_GA
F9qrmu4GfAM_278.webm,F9qrmu4GfAM
GiAUW2Vfgsk_160.mp4,GiAUW2Vfgsk
GmS3XK26nH0_160.mp4,GmS3XK26nH0
GYFL4l73lwc_278.webm,GYFL4l73lwc
NvFszeZcyVA_278.webm,NvFszeZcyVA
s0PoHad9w8Q_278.webm,s0PoHad9w8Q
WUfiTX2XbAQ_278.webm,WUfiTX2XbAQ
2MwarUSvaLM_160.mp4,2MwarUSvaLM
9YeZ63lDBzs_160.mp4,9YeZ63lDBzs
KURmWKRnZzg_278.webm,KURmWKRnZzg
oGXzMCw3TF4_278.webm,oGXzMCw3TF4
2rP_sGUb0dw_278.webm,2rP_sGUb0dw
6IK6IArFrUs_278.webm,6IK6IArFrUs
7Q2fnSO3T38_160.mp4,7Q2fnSO3T38
edxP6NsTWpc_278.webm,edxP6NsTWpc
h42PnXSMwjE_160.mp4,h42PnXSMwjE
k__KRYvhFTo_278.webm,k__KRYvhFTo
LZmyF3-hT9g_278.webm,LZmyF3-hT9g
nkyzXyLa_40_278.webm,nkyzXyLa_40
FrZ1dE53U70_278.webm,FrZ1dE53U70
KoPg_fZC5rk_278.webm,KoPg_fZC5rk
m4ZEEaPyeG0_160.mp4,m4ZEEaPyeG0
Xdzkwo9XA7s_160.mp4,Xdzkwo9XA7s
7j6PZRWgo80_278.webm,7j6PZRWgo80
I6P6MGy7ag4_278.webm,I6P6MGy7ag4
L6lwPdXEqHk_278.webm,L6lwPdXEqHk
locJVSj6jdU_278.webm,locJVSj6jdU
Sfw6nx2ALK0_278.webm,Sfw6nx2ALK0
1jtgLX6v6x0_278.webm,1jtgLX6v6x0
aumsEbfWnjk_278.webm,aumsEbfWnjk
cCRfWqn1Gi0_278.webm,cCRfWqn1Gi0
D5ZrnzJvK-M_160.mp4,D5ZrnzJvK-M
l4iYJrlWR-E_278.webm,l4iYJrlWR-E
rX_YD0wQ1Do_278.webm,rX_YD0wQ1Do
u1OmpTPffQc_278.webm,u1OmpTPffQc
U7Vjg5Ll1cU_278.webm,U7Vjg5Ll1cU
v89fMj4frIg_160.mp4,v89fMj4frIg
vmAOuCtsuxk_278.webm,vmAOuCtsuxk
20SWw_ThTpQ_278.webm,20SWw_ThTpQ
iiHP2Pc8ZzM_278.webm,iiHP2Pc8ZzM
4sjVGgeLDgU_278.webm,4sjVGgeLDgU
mifSfHxHQ4M_278.webm,mifSfHxHQ4M
raDOIbxI5-E_160.mp4,raDOIbxI5-E
sCbjc2LvxHA_278.webm,sCbjc2LvxHA
SUunEbqyEyo_278.webm,SUunEbqyEyo
upipKKh7ROs_278.webm,upipKKh7ROs
VcvLkUIo44c_278.webm,VcvLkUIo44c
28qWUkp_1Jw_278.webm,28qWUkp_1Jw
dS14Ojv0bnA_278.webm,dS14Ojv0bnA
DwhTYFwfACA_160.mp4,DwhTYFwfACA
Hzae5DWV7Zo_278.webm,Hzae5DWV7Zo
mkySu8LI784_278.webm,mkySu8LI784
UFuES_ZSl-g_278.webm,UFuES_ZSl-g
-vXjI9Y2OX8_278.webm,-vXjI9Y2OX8
ayGysfCloo8_278.webm,ayGysfCloo8
BDRml7V_xF0_278.webm,BDRml7V_xF0
BilIypBgOZ4_278.webm,BilIypBgOZ4
lI8bMWWe95I_160.mp4,lI8bMWWe95I
nuq4JcmARrs_160.mp4,nuq4JcmARrs
wAaMUrHLMnU_278.webm,wAaMUrHLMnU
g2Jg2J6lQX8_278.webm,g2Jg2J6lQX8
JjfB7r-xIAk_160.mp4,JjfB7r-xIAk
lGQso45n9U4_160.mp4,lGQso45n9U4
Nmph_gUjqoc_160.mp4,Nmph_gUjqoc
oJ8b5OWhvoo_278.webm,oJ8b5OWhvoo
0Y0go1ADTHE_278.webm,0Y0go1ADTHE
6FVWoGv6GI4_278.webm,6FVWoGv6GI4
bpJfEzLc37w_278.webm,bpJfEzLc37w
Bxfe1nBao-w_160.mp4,Bxfe1nBao-w
EgRbiWxIUhM_278.webm,EgRbiWxIUhM
pmgE-YZGwHQ_278.webm,pmgE-YZGwHQ
qq0ar8_9FSM_160.mp4,qq0ar8_9FSM
S7BuTbKQoSE_278.webm,S7BuTbKQoSE
sjBXObnWiFo_278.webm,sjBXObnWiFo
UesjHw8ZPR4_160.mp4,UesjHw8ZPR4
5NWqo9-l59g_278.webm,5NWqo9-l59g
6BifV0VwQRg_160.mp4,6BifV0VwQRg
BbYL2HBnEgs_160.mp4,BbYL2HBnEgs
cp80R70wHHA_278.webm,cp80R70wHHA
KZO1rYBE4co_278.webm,KZO1rYBE4co
Pbc2SkdL6rM_278.webm,Pbc2SkdL6rM
SGEzNs5dArw_160.mp4,SGEzNs5dArw
ur2hSjtPVC0_278.webm,ur2hSjtPVC0
wBkrXv71u0E_160.mp4,wBkrXv71u0E
znQ9znroU8I_160.mp4,znQ9znroU8I
40P-9LJaVVM_278.webm,40P-9LJaVVM
DEb2A7zaARI_278.webm,DEb2A7zaARI
EHhvAnLVPjU_278.webm,EHhvAnLVPjU
IZYC7nAMMdc_278.webm,IZYC7nAMMdc
MhW0VbJM2oA_278.webm,MhW0VbJM2oA
PYo5PUsvcMY_160.mp4,PYo5PUsvcMY
vqtlysvmH9k_278.webm,vqtlysvmH9k
5UFjCFJtZwA_278.webm,5UFjCFJtZwA
g9ukzHFoPAQ_278.webm,g9ukzHFoPAQ
kU7Fg770Dmo_278.webm,kU7Fg770Dmo
t2icgd91rVA_278.webm,t2icgd91rVA
uwcx6DbCP8c_160.mp4,uwcx6DbCP8c
zq0NP0GLjz4_160.mp4,zq0NP0GLjz4
kbSJlfgQq3A_160.mp4,kbSJlfgQq3A
mOBwol-ObL4_278.webm,mOBwol-ObL4
RMOOL2hpznI_160.mp4,RMOOL2hpznI
ytYO9b6Jyxg_160.mp4,ytYO9b6Jyxg
baJrQ6now4s_160.mp4,baJrQ6now4s
jnB-YCjNR4o_278.webm,jnB-YCjNR4o
JztMERFZKqc_278.webm,JztMERFZKqc
qPWMwOehMaY_278.webm,qPWMwOehMaY
vTvMiitVRUg_278.webm,vTvMiitVRUg
VuTQCv8IMXA_278.webm,VuTQCv8IMXA
w_KIsa5Sfv0_278.webm,w_KIsa5Sfv0
XXnXQVtZ6MA_278.webm,XXnXQVtZ6MA
9VeVseXc2Bs_278.webm,9VeVseXc2Bs
DENIiv56wVU_278.webm,DENIiv56wVU
FeGsEkVuMK4_278.webm,FeGsEkVuMK4
nGCH6xP9jTM_278.webm,nGCH6xP9jTM
wfTkeSnSX2w_278.webm,wfTkeSnSX2w
Z9-q9HX8Mig_278.webm,Z9-q9HX8Mig
2x-FKvjZXME_278.webm,2x-FKvjZXME
8NMivpgvkbM_278.webm,8NMivpgvkbM
EVa8PO4B09I_278.webm,EVa8PO4B09I
H-KgWnVJ1yw_278.webm,H-KgWnVJ1yw
LquP_kVG1lc_278.webm,LquP_kVG1lc
TdNDrXHijdM_278.webm,TdNDrXHijdM
TX8AAUOGKSg_160.mp4,TX8AAUOGKSg
UYy1GmJgFXA_278.webm,UYy1GmJgFXA
Wry6-Onv9O4_160.mp4,Wry6-Onv9O4
3twwssc8Uek_160.mp4,3twwssc8Uek
55Bj6j2G2JE_160.mp4,55Bj6j2G2JE
AZp_yJPu4K8_278.webm,AZp_yJPu4K8
cvtovfnoXy0_160.mp4,cvtovfnoXy0
lV9eDbhD0-g_278.webm,lV9eDbhD0-g
RKYIYaSn3Xg_160.mp4,RKYIYaSn3Xg
rwdijNi1-ME_278.webm,rwdijNi1-ME
ZDez1sZPE_E_278.webm,ZDez1sZPE_E
0NQkmLIYsMk_278.webm,0NQkmLIYsMk
1n_S7N6x68g_278.webm,1n_S7N6x68g
3UEbe33MJx0_278.webm,3UEbe33MJx0
694TX2lQ7Uo_278.webm,694TX2lQ7Uo
bz_ANPW2FGM_278.webm,bz_ANPW2FGM
okGGh1bKS78_278.webm,okGGh1bKS78
QN-tMQPnSuE_278.webm,QN-tMQPnSuE
RPI-Rmwb7zA_278.webm,RPI-Rmwb7zA
2GIkh45equo_160.mp4,2GIkh45equo
EE9a4paOHPc_278.webm,EE9a4paOHPc
JFcj66ZMuzY_278.webm,JFcj66ZMuzY
kXPxUMv-S9I_278.webm,kXPxUMv-S9I
OWoR6Qu18Zk_278.webm,OWoR6Qu18Zk
v74Rsjc57hU_278.webm,v74Rsjc57hU
ZCGqtg8vUEA_278.webm,ZCGqtg8vUEA
AzDgSWAdkSM_278.webm,AzDgSWAdkSM
opezs-23owo_278.webm,opezs-23owo
U05xjdLedVE_278.webm,U05xjdLedVE
1xrVDa_Plmg_278.webm,1xrVDa_Plmg
F3zrijXgRUc_278.webm,F3zrijXgRUc
MXVi-v2qPSk_278.webm,MXVi-v2qPSk
t2PM0x6GI5A_278.webm,t2PM0x6GI5A
vP0UZeTA8Zw_278.webm,vP0UZeTA8Zw
XLFqsQaaHus_278.webm,XLFqsQaaHus
Bl2WBrM_AK0_278.webm,Bl2WBrM_AK0
dq3L9_jgJkE_278.webm,dq3L9_jgJkE
h7LtLEgcHYc_160.mp4,h7LtLEgcHYc
q6Vku4DnO_o_278.webm,q6Vku4DnO_o
355DUcArzVE_278.webm,355DUcArzVE
5_4xA7AfJ3Y_160.mp4,5_4xA7AfJ3Y
Ajc1px6tRSs_278.webm,Ajc1px6tRSs
erkT5zlDAuc_278.webm,erkT5zlDAuc
Qs7JwAGpu-g_278.webm,Qs7JwAGpu-g
8tr9BJMDZgs_278.webm,8tr9BJMDZgs
axjo3tnVJvg_278.webm,axjo3tnVJvg
nSYrbzkeeCU_278.webm,nSYrbzkeeCU
ysuVeFDS7dI_160.mp4,ysuVeFDS7dI
5Bt8Cj2f-y4_160.mp4,5Bt8Cj2f-y4
iWIKOpIpabk_278.webm,iWIKOpIpabk
V1uvi8BH1l0_278.webm,V1uvi8BH1l0
1JlEN28t2wI_278.webm,1JlEN28t2wI
3aqKK-z1Fz0_160.mp4,3aqKK-z1Fz0
3LxTBSTuh2g_278.webm,3LxTBSTuh2g
7HdGdP4LhKk_160.mp4,7HdGdP4LhKk
BvyMv5CgKEg_278.webm,BvyMv5CgKEg
WDDo9vhVBc8_278.webm,WDDo9vhVBc8
38QSU9bkA4k_278.webm,38QSU9bkA4k
c1k-JG7o83o_160.mp4,c1k-JG7o83o
TDXkC5lBMC4_160.mp4,TDXkC5lBMC4
UhovZ7DbiFA_278.webm,UhovZ7DbiFA
zeOMZqrT06o_160.mp4,zeOMZqrT06o
D_nTIjrxkZ0_278.webm,D_nTIjrxkZ0
EaOSi2eMRK0_160.mp4,EaOSi2eMRK0
ndxEmjZztks_160.mp4,ndxEmjZztks
uhYBWpyO4Is_278.webm,uhYBWpyO4Is
dkZQJGUWWW0_160.mp4,dkZQJGUWWW0
LmgOCUOP9u4_160.mp4,LmgOCUOP9u4
mAljFAlXqgU_278.webm,mAljFAlXqgU
oBN-HqnhSsA_278.webm,oBN-HqnhSsA
UfJMYknY6FM_278.webm,UfJMYknY6FM
W2lGPRn962M_160.mp4,W2lGPRn962M
mZmbNe8tqwQ_278.webm,mZmbNe8tqwQ
u2J8QKTBnFI_278.webm,u2J8QKTBnFI
vu6CaRw_KJo_160.mp4,vu6CaRw_KJo
9ad6vSeaBt0_278.webm,9ad6vSeaBt0
HB_8Pj7em08_278.webm,HB_8Pj7em08
hrDAOpBnnUI_278.webm,hrDAOpBnnUI
XLBfHyfSD5Q_160.mp4,XLBfHyfSD5Q
zr7i2ETCyhQ_160.mp4,zr7i2ETCyhQ
9F2PKngLQBk_278.webm,9F2PKngLQBk
dTE2e_MRlnI_278.webm,dTE2e_MRlnI
ITEG6YQviMA_278.webm,ITEG6YQviMA
mqdBeCZpGuI_278.webm,mqdBeCZpGuI
qN9edlJ6Gs0_278.webm,qN9edlJ6Gs0
wq25qD44hC0_278.webm,wq25qD44hC0
ZC7pSEAkgpo_160.mp4,ZC7pSEAkgpo
_5u3XueQJ8c_278.webm,_5u3XueQJ8c
145cWjZWnX8_278.webm,145cWjZWnX8
asOa2a9xt4s_278.webm,asOa2a9xt4s
E8cZ0hEmLeU_160.mp4,E8cZ0hEmLeU
fvwsI4H0dc0_278.webm,fvwsI4H0dc0
hoAuTKQp-I0_278.webm,hoAuTKQp-I0
pZtM6O5RG1w_278.webm,pZtM6O5RG1w
XPZO3Ow-0E4_278.webm,XPZO3Ow-0E4
0U1iTEv7gZU_278.webm,0U1iTEv7gZU
ceWR6zzt7sA_278.webm,ceWR6zzt7sA
HI3fSiokTsw_278.webm,HI3fSiokTsw
NpwdcmjBgNA_278.webm,NpwdcmjBgNA
om8T57yRTCw_278.webm,om8T57yRTCw
QCyLwl1Pc6c_278.webm,QCyLwl1Pc6c
uxJyPsmEask_160.mp4,uxJyPsmEask
_izAaNf0HRc_278.webm,_izAaNf0HRc
32xe-pZzKQA_278.webm,32xe-pZzKQA
9jRWABA0t8o_160.mp4,9jRWABA0t8o
N6HA--AYRj0_160.mp4,N6HA--AYRj0
na1XoiqwlP0_278.webm,na1XoiqwlP0
v2s1f1bffio_278.webm,v2s1f1bffio
XrfkbAjmBPM_278.webm,XrfkbAjmBPM
ydDjx0Y68wI_278.webm,ydDjx0Y68wI
5o-9A5tszUk_278.webm,5o-9A5tszUk
69MpLiYhsXw_278.webm,69MpLiYhsXw
Ds3UppwG6CA_278.webm,Ds3UppwG6CA
lxcCrUKjd_k_278.webm,lxcCrUKjd_k
SmBk03HGXSc_160.mp4,SmBk03HGXSc
uGunv_ng3Vs_278.webm,uGunv_ng3Vs
0bIiCx1OKr4_278.webm,0bIiCx1OKr4
arwWdtgaH1I_278.webm,arwWdtgaH1I
bwOsxKmki_4_278.webm,bwOsxKmki_4
cubIJ8JyqLo_278.webm,cubIJ8JyqLo
jJRX3CU1RzA_278.webm,jJRX3CU1RzA
kZV01QAcl20_278.webm,kZV01QAcl20
rDUrW2EROL4_278.webm,rDUrW2EROL4
SstulwNXGPw_160.mp4,SstulwNXGPw
tvB0bHOMMNo_278.webm,tvB0bHOMMNo
u_WjsAGbQPc_160.mp4,u_WjsAGbQPc
x0e7t1R2Uhg_278.webm,x0e7t1R2Uhg
xAc0dH7_s20_278.webm,xAc0dH7_s20
cF0orO1m4P8_278.webm,cF0orO1m4P8
elHDxWOhukU_278.webm,elHDxWOhukU
HzAfOgUifko_278.webm,HzAfOgUifko
nb1WavA2GWw_278.webm,nb1WavA2GWw
XBzU4d3vB2E_160.mp4,XBzU4d3vB2E
-TXeRpN5Zhs_160.mp4,-TXeRpN5Zhs
FKwcWYoi_Bk_278.webm,FKwcWYoi_Bk
fwicURDoDI8_278.webm,fwicURDoDI8
hgyP_kpSF8A_160.mp4,hgyP_kpSF8A
I3x8lAzmxEw_278.webm,I3x8lAzmxEw
m_Z1gf_zllw_278.webm,m_Z1gf_zllw
NwNOcZY58so_160.mp4,NwNOcZY58so
u52IM7zawPA_278.webm,u52IM7zawPA
vQkZJwK0qWs_278.webm,vQkZJwK0qWs
0xcwWuTGzbM_278.webm,0xcwWuTGzbM
ehgyNqNarII_278.webm,ehgyNqNarII
hmcQwtsw57c_278.webm,hmcQwtsw57c
HTlhxKlKWwI_278.webm,HTlhxKlKWwI
Qfz-r8JpPdY_160.mp4,Qfz-r8JpPdY
szokeP9OjcA_278.webm,szokeP9OjcA
t9ns0bavjeM_160.mp4,t9ns0bavjeM
zL9XQgXf_7E_278.webm,zL9XQgXf_7E
_osTxt_1RVg_160.mp4,_osTxt_1RVg
BJw3NKwO81U_278.webm,BJw3NKwO81U
EYjDlL9f3VY_160.mp4,EYjDlL9f3VY
HDFXZCZqdBU_160.mp4,HDFXZCZqdBU
kUg8XSEtaOU_278.webm,kUg8XSEtaOU
Mtx7KymICjw_278.webm,Mtx7KymICjw
OfvUXC3r5kE_278.webm,OfvUXC3r5kE
tVZlAvVvnQE_278.webm,tVZlAvVvnQE
TY6XeYfIdy0_278.webm,TY6XeYfIdy0
3O3gFRSiBC4_160.mp4,3O3gFRSiBC4
h-rbb0dWHSI_160.mp4,h-rbb0dWHSI
Mp3hAptZWhc_278.webm,Mp3hAptZWhc
Q4uSKvXEuZc_278.webm,Q4uSKvXEuZc
Sf85MN_Ykc0_278.webm,Sf85MN_Ykc0
vfp2HIT5SP8_278.webm,vfp2HIT5SP8
WezOn6RYIrQ_278.webm,WezOn6RYIrQ
X3uGfmwc55c_278.webm,X3uGfmwc55c
7oAyi2dSgeY_278.webm,7oAyi2dSgeY
Bx7qSCr4HTk_160.mp4,Bx7qSCr4HTk
jgOkq7d_mDI_160.mp4,jgOkq7d_mDI
L4IAjh3eWlA_278.webm,L4IAjh3eWlA
pkzw2VARpeU_278.webm,pkzw2VARpeU
wyHcL23Jvzs_278.webm,wyHcL23Jvzs
Yq1aoPdfGzI_278.webm,Yq1aoPdfGzI
zCCvVdoql88_278.webm,zCCvVdoql88
AYBq5ZIJ4dQ_278.webm,AYBq5ZIJ4dQ
gq0Khl7Hxxk_278.webm,gq0Khl7Hxxk
nWzJwg-saCM_160.mp4,nWzJwg-saCM
opRwY3PLAFs_160.mp4,opRwY3PLAFs
Q8FCWoWQrWg_278.webm,Q8FCWoWQrWg
